"month","wday","hour","modelfit"
1,"Sun",1,-1969.87310606061
1,"Sun",2,-2367.96401515148
1,"Sun",3,-2535.28219696976
1,"Sun",4,-2536.69128787877
1,"Sun",5,-2405.55492424241
1,"Sun",6,-1954.87310606058
1,"Sun",7,-1683.6458333334
1,"Sun",8,-1020.91856060611
1,"Sun",9,-10.0094696968961
1,"Sun",10,691.217803030348
1,"Sun",11,984.12689393945
1,"Sun",12,1086.21780303037
1,"Sun",13,1229.26325757573
1,"Sun",14,934.12689393945
1,"Sun",15,751.490530303015
1,"Sun",16,1667.7178030303
1,"Sun",17,2321.85416666665
1,"Sun",18,2467.44507575764
1,"Sun",19,2524.53598484848
1,"Sun",20,2052.39962121204
1,"Sun",21,1207.53598484849
1,"Sun",22,474.854166666651
1,"Sun",23,-536.509469696964
1,"Sun",24,-1371.46401515151
1,"Mon",1,-5362.77840909092
1,"Mon",2,-5594.09659090906
1,"Mon",3,-5571.4147727274
1,"Mon",4,-5214.59659090908
1,"Mon",5,-4208.77840909091
1,"Mon",6,-1348.55113636364
1,"Mon",7,649.085227272625
1,"Mon",8,1618.26704545449
1,"Mon",9,2222.94886363662
1,"Mon",10,2303.76704545459
1,"Mon",11,2516.72159090921
1,"Mon",12,2561.90340909107
1,"Mon",13,2636.81249999995
1,"Mon",14,2237.40340909105
1,"Mon",15,2066.94886363633
1,"Mon",16,2799.35795454544
1,"Mon",17,3189.13068181816
1,"Mon",18,2865.26704545467
1,"Mon",19,2737.40340909091
1,"Mon",20,2126.99431818168
1,"Mon",21,675.903409090908
1,"Mon",22,-757.051136363659
1,"Mon",23,-2063.41477272726
1,"Mon",24,-3087.23295454545
1,"Tue",1,-4369.77898550728
1,"Tue",2,-4670.82246376797
1,"Tue",3,-4665.56159420273
1,"Tue",4,-4364.1702898551
1,"Tue",5,-3570.5615942028
1,"Tue",6,-1033.12681159439
1,"Tue",7,801.612318840526
1,"Tue",8,1628.74275362321
1,"Tue",9,2041.39492753597
1,"Tue",10,2044.52536231878
1,"Tue",11,2257.78623188411
1,"Tue",12,2311.0471014493
1,"Tue",13,2416.69927536259
1,"Tue",14,2035.22101449279
1,"Tue",15,1871.17753623199
1,"Tue",16,2580.91666666664
1,"Tue",17,2902.74275362307
1,"Tue",18,2559.48188405795
1,"Tue",19,2416.39492753616
1,"Tue",20,1765.69927536229
1,"Tue",21,295.047101449307
1,"Tue",22,-1195.30072463764
1,"Tue",23,-2491.86594202899
1,"Tue",24,-3567.30072463767
1,"Wed",1,-4155.70108695655
1,"Wed",2,-4496.09239130422
1,"Wed",3,-4487.13586956507
1,"Wed",4,-4223.74456521737
1,"Wed",5,-3503.91847826079
1,"Wed",6,-1089.52717391324
1,"Wed",7,693.777173912998
1,"Wed",8,1508.47282608698
1,"Wed",9,1950.03804347801
1,"Wed",10,1962.03804347821
1,"Wed",11,2213.03804347831
1,"Wed",12,2234.64673913046
1,"Wed",13,2360.99456521766
1,"Wed",14,2016.12500000004
1,"Wed",15,1842.95108695663
1,"Wed",16,2546.12499999997
1,"Wed",17,2852.60326086945
1,"Wed",18,2531.90760869565
1,"Wed",19,2367.16847826081
1,"Wed",20,1722.47282608692
1,"Wed",21,283.603260869593
1,"Wed",22,-1185.13586956518
1,"Wed",23,-2449.83152173913
1,"Wed",24,-3494.875
1,"Thu",1,-4454.85795454547
1,"Thu",2,-4767.99431818176
1,"Thu",3,-4744.58522727281
1,"Thu",4,-4468.94886363631
1,"Thu",5,-3671.76704545455
1,"Thu",6,-1059.63068181816
1,"Thu",7,876.187499999875
1,"Thu",8,1737.7329545454
1,"Thu",9,2162.460227273
1,"Thu",10,2128.82386363641
1,"Thu",11,2321.23295454558
1,"Thu",12,2289.9602272729
1,"Thu",13,2400.86931818176
1,"Thu",14,2044.68750000015
1,"Thu",15,1882.1420454545
1,"Thu",16,2610.8693181818
1,"Thu",17,2928.82386363634
1,"Thu",18,2576.50568181831
1,"Thu",19,2441.59659090909
1,"Thu",20,1759.68749999986
1,"Thu",21,291.142045454543
1,"Thu",22,-1198.2215909091
1,"Thu",23,-2518.76704545454
1,"Thu",24,-3567.94886363636
1,"Fri",1,-3937.32386363638
1,"Fri",2,-4273.18749999992
1,"Fri",3,-4282.278409091
1,"Fri",4,-4027.82386363628
1,"Fri",5,-3299.5965909091
1,"Fri",6,-991.505681818175
1,"Fri",7,713.903409090812
1,"Fri",8,1493.2670454545
1,"Fri",9,1950.17613636391
1,"Fri",10,2006.58522727277
1,"Fri",11,2206.94886363648
1,"Fri",12,2210.17613636381
1,"Fri",13,2271.58522727268
1,"Fri",14,1893.72159090924
1,"Fri",15,1755.7670454545
1,"Fri",16,2485.90340909088
1,"Fri",17,2795.31249999999
1,"Fri",18,2402.85795454557
1,"Fri",19,2173.08522727273
1,"Fri",20,1490.40340909078
1,"Fri",21,124.494318181818
1,"Fri",22,-1241.14204545456
1,"Fri",23,-2425.86931818181
1,"Fri",24,-3495.46022727272
1,"Sat",1,-2162.54960317458
1,"Sat",2,-2576.74007936512
1,"Sat",3,-2678.40674603165
1,"Sat",4,-2632.59722222228
1,"Sat",5,-2467.1686507936
1,"Sat",6,-1528.3115079364
1,"Sat",7,-747.835317460461
1,"Sat",8,260.11706349202
1,"Sat",9,1334.06944444452
1,"Sat",10,1848.73611111112
1,"Sat",11,2094.16468253965
1,"Sat",12,1969.92658730173
1,"Sat",13,1863.64087301587
1,"Sat",14,1302.30753968251
1,"Sat",15,1129.16468253959
1,"Sat",16,1904.21230158739
1,"Sat",17,2184.97420634913
1,"Sat",18,1992.87896825392
1,"Sat",19,1724.92658730161
1,"Sat",20,1132.73611111105
1,"Sat",21,50.5456349206304
1,"Sat",22,-928.835317460333
1,"Sat",23,-2017.07341269841
1,"Sat",24,-3052.88293650793
2,"Sun",1,-1778.72916666667
2,"Sun",2,-2156.97916666666
2,"Sun",3,-2277.92916666665
2,"Sun",4,-2260.12916666666
2,"Sun",5,-2121.37916666662
2,"Sun",6,-1884.02916666663
2,"Sun",7,-1553.6791666667
2,"Sun",8,-633.829166666684
2,"Sun",9,224.470833333292
2,"Sun",10,772.820833333274
2,"Sun",11,980.570833333377
2,"Sun",12,1032.42083333338
2,"Sun",13,1123.2708333334
2,"Sun",14,779.320833333304
2,"Sun",15,448.520833333365
2,"Sun",16,653.420833333358
2,"Sun",17,1846.17083333334
2,"Sun",18,2441.47083333338
2,"Sun",19,2540.82083333332
2,"Sun",20,2074.47083333339
2,"Sun",21,1192.62083333331
2,"Sun",22,424.57083333332
2,"Sun",23,-546.429166666657
2,"Sun",24,-1321.82916666667
2,"Mon",1,-5520.04166666667
2,"Mon",2,-5697.79166666667
2,"Mon",3,-5634.1916666666
2,"Mon",4,-5195.44166666664
2,"Mon",5,-4073.54166666656
2,"Mon",6,-1192.14166666664
2,"Mon",7,889.358333333312
2,"Mon",8,2147.15833333336
2,"Mon",9,2572.75833333317
2,"Mon",10,2480.15833333314
2,"Mon",11,2630.80833333345
2,"Mon",12,2583.05833333345
2,"Mon",13,2615.05833333349
2,"Mon",14,2151.70833333328
2,"Mon",15,1837.10833333341
2,"Mon",16,1915.80833333338
2,"Mon",17,2834.55833333337
2,"Mon",18,3024.90833333341
2,"Mon",19,2887.8583333333
2,"Mon",20,2199.6083333334
2,"Mon",21,675.158333333294
2,"Mon",22,-841.091666666672
2,"Mon",23,-2150.89166666666
2,"Mon",24,-3139.94166666667
2,"Tue",1,-4151.96250000001
2,"Tue",2,-4453.46250000002
2,"Tue",3,-4401.01249999995
2,"Tue",4,-4083.36249999996
2,"Tue",5,-3229.31249999992
2,"Tue",6,-890.762499999985
2,"Tue",7,905.387499999965
2,"Tue",8,1948.98750000003
2,"Tue",9,2245.43749999983
2,"Tue",10,2079.18749999981
2,"Tue",11,2225.03750000011
2,"Tue",12,2180.98750000012
2,"Tue",13,2214.88750000016
2,"Tue",14,1815.78749999994
2,"Tue",15,1514.08750000008
2,"Tue",16,1539.68750000005
2,"Tue",17,2487.63750000003
2,"Tue",18,2676.98750000008
2,"Tue",19,2530.78749999997
2,"Tue",20,1835.33750000008
2,"Tue",21,290.637499999968
2,"Tue",22,-1226.21250000001
2,"Tue",23,-2515.76249999999
2,"Tue",24,-3539.01250000001
2,"Wed",1,-4112.45625
2,"Wed",2,-4444.25625000002
2,"Wed",3,-4409.25624999994
2,"Wed",4,-4090.50624999994
2,"Wed",5,-3278.90624999992
2,"Wed",6,-880.506249999998
2,"Wed",7,868.593749999982
2,"Wed",8,1900.19375000003
2,"Wed",9,2236.49374999983
2,"Wed",10,2108.49374999981
2,"Wed",11,2250.89375000011
2,"Wed",12,2226.54375000012
2,"Wed",13,2261.09375000016
2,"Wed",14,1846.09374999995
2,"Wed",15,1518.99375000008
2,"Wed",16,1567.24375000005
2,"Wed",17,2471.39375000003
2,"Wed",18,2612.59375000008
2,"Wed",19,2493.74374999998
2,"Wed",20,1816.64375000006
2,"Wed",21,282.793749999972
2,"Wed",22,-1232.65625000001
2,"Wed",23,-2502.75624999999
2,"Wed",24,-3510.50625
2,"Thu",1,-4087.84166666667
2,"Thu",2,-4404.24166666669
2,"Thu",3,-4380.0416666666
2,"Thu",4,-4081.49166666661
2,"Thu",5,-3294.74166666659
2,"Thu",6,-937.34166666666
2,"Thu",7,809.208333333304
2,"Thu",8,1856.70833333336
2,"Thu",9,2190.50833333317
2,"Thu",10,2045.80833333314
2,"Thu",11,2232.30833333344
2,"Thu",12,2196.35833333345
2,"Thu",13,2252.65833333348
2,"Thu",14,1855.20833333327
2,"Thu",15,1561.75833333341
2,"Thu",16,1588.55833333338
2,"Thu",17,2490.70833333337
2,"Thu",18,2609.75833333341
2,"Thu",19,2493.7583333333
2,"Thu",20,1838.3583333334
2,"Thu",21,326.808333333303
2,"Thu",22,-1191.89166666669
2,"Thu",23,-2478.29166666665
2,"Thu",24,-3492.59166666667
2,"Fri",1,-4018.95833333334
2,"Fri",2,-4359.90833333336
2,"Fri",3,-4305.85833333329
2,"Fri",4,-3996.20833333329
2,"Fri",5,-3220.40833333326
2,"Fri",6,-857.008333333326
2,"Fri",7,838.891666666645
2,"Fri",8,1893.44166666669
2,"Fri",9,2280.4916666665
2,"Fri",10,2179.29166666647
2,"Fri",11,2399.94166666678
2,"Fri",12,2350.89166666678
2,"Fri",13,2356.29166666682
2,"Fri",14,1900.49166666661
2,"Fri",15,1510.69166666674
2,"Fri",16,1557.19166666671
2,"Fri",17,2461.7916666667
2,"Fri",18,2528.94166666674
2,"Fri",19,2290.44166666664
2,"Fri",20,1599.89166666674
2,"Fri",21,102.191666666637
2,"Fri",22,-1348.70833333334
2,"Fri",23,-2538.60833333332
2,"Fri",24,-3605.20833333334
2,"Sat",1,-1891.53125
2,"Sat",2,-2269.58125000003
2,"Sat",3,-2363.33124999995
2,"Sat",4,-2295.18124999996
2,"Sat",5,-2122.53124999997
2,"Sat",6,-1351.58124999998
2,"Sat",7,-507.13125000004
2,"Sat",8,772.518750000008
2,"Sat",9,1668.76874999987
2,"Sat",10,1973.16874999984
2,"Sat",11,2051.3687500001
2,"Sat",12,1798.3187500001
2,"Sat",13,1580.86875000013
2,"Sat",14,963.268749999952
2,"Sat",15,657.01875000006
2,"Sat",16,835.618750000037
2,"Sat",17,1820.51875000003
2,"Sat",18,2045.81875000006
2,"Sat",19,1753.91874999997
2,"Sat",20,1118.51875000007
2,"Sat",21,-4.78125000002831
2,"Sat",22,-1013.63125000001
2,"Sat",23,-2120.33124999999
2,"Sat",24,-3100.08125
3,"Sun",1,-1578.57954545453
3,"Sun",2,-1910.3522727273
3,"Sun",3,-2048.21568627448
3,"Sun",4,-1985.39772727271
3,"Sun",5,-2005.71590909095
3,"Sun",6,-2046.44318181819
3,"Sun",7,-1403.48863636367
3,"Sun",8,-549.261363636406
3,"Sun",9,197.556818181802
3,"Sun",10,678.511363636311
3,"Sun",11,864.465909090937
3,"Sun",12,951.602272727248
3,"Sun",13,990.238636363665
3,"Sun",14,658.4204545454
3,"Sun",15,272.69318181816
3,"Sun",16,243.602272727272
3,"Sun",17,739.511363636352
3,"Sun",18,1952.37500000001
3,"Sun",19,2527.0113636364
3,"Sun",20,2324.87499999996
3,"Sun",21,1488.14772727276
3,"Sun",22,714.920454545459
3,"Sun",23,-224.215909090906
3,"Sun",24,-1027.21590909091
3,"Mon",1,-4484.1893939394
3,"Mon",2,-5321.31818181815
3,"Mon",3,-5261.04545454559
3,"Mon",4,-4863.18181818177
3,"Mon",5,-3955.63636363634
3,"Mon",6,-1454.95454545455
3,"Mon",7,847.999999999892
3,"Mon",8,2014.5454545454
3,"Mon",9,2311.90909090934
3,"Mon",10,2133.31818181822
3,"Mon",11,2369.09090909102
3,"Mon",12,2425.77272727288
3,"Mon",13,2460.59090909086
3,"Mon",14,2056.50000000013
3,"Mon",15,1739.99999999996
3,"Mon",16,1543.86363636362
3,"Mon",17,1769.6818181818
3,"Mon",18,2607.50000000008
3,"Mon",19,2991.68181818181
3,"Mon",20,2519.90909090896
3,"Mon",21,1007.54545454546
3,"Mon",22,-531.590909090914
3,"Mon",23,-1791.63636363636
3,"Mon",24,-2782.45454545454
3,"Tue",1,-3677.77272727273
3,"Tue",2,-4052.28787878783
3,"Tue",3,-4004.06060606068
3,"Tue",4,-3711.56060606053
3,"Tue",5,-3092.83333333333
3,"Tue",6,-1107.74242424241
3,"Tue",7,870.803030302914
3,"Tue",8,1805.21212121207
3,"Tue",9,1963.25757575782
3,"Tue",10,1767.0757575758
3,"Tue",11,2004.66666666678
3,"Tue",12,2031.62121212136
3,"Tue",13,2050.25757575753
3,"Tue",14,1641.39393939407
3,"Tue",15,1368.89393939391
3,"Tue",16,1168.75757575756
3,"Tue",17,1394.75757575756
3,"Tue",18,2260.25757575766
3,"Tue",19,2652.98484848485
3,"Tue",20,2189.57575757562
3,"Tue",21,693.575757575759
3,"Tue",22,-850.378787878821
3,"Tue",23,-2136.60606060605
3,"Tue",24,-3169.51515151515
3,"Wed",1,-3727.41666666668
3,"Wed",2,-3995.93560606055
3,"Wed",3,-3962.66287878795
3,"Wed",4,-3670.02651515145
3,"Wed",5,-3108.89015151513
3,"Wed",6,-1043.5265151515
3,"Wed",7,957.837121212026
3,"Wed",8,1874.6098484848
3,"Wed",9,2009.74621212147
3,"Wed",10,1792.56439393943
3,"Wed",11,1970.70075757587
3,"Wed",12,1972.83712121227
3,"Wed",13,1978.15530303026
3,"Wed",14,1550.3825757577
3,"Wed",15,1255.15530303027
3,"Wed",16,1107.10984848483
3,"Wed",17,1380.74621212119
3,"Wed",18,2299.06439393948
3,"Wed",19,2708.51893939394
3,"Wed",20,2174.88257575744
3,"Wed",21,696.837121212134
3,"Wed",22,-866.617424242456
3,"Wed",23,-2179.25378787878
3,"Wed",24,-3178.48106060605
3,"Thu",1,-3743.20833333335
3,"Thu",2,-4053.96022727266
3,"Thu",3,-4032.77840909099
3,"Thu",4,-3754.46022727267
3,"Thu",5,-3207.6875
3,"Thu",6,-1229.96022727272
3,"Thu",7,777.085227272609
3,"Thu",8,1735.44886363631
3,"Thu",9,1949.7670454548
3,"Thu",10,1810.90340909095
3,"Thu",11,2097.44886363648
3,"Thu",12,2139.53977272743
3,"Thu",13,2167.94886363631
3,"Thu",14,1769.08522727286
3,"Thu",15,1453.1761363636
3,"Thu",16,1242.58522727271
3,"Thu",17,1480.67613636362
3,"Thu",18,2356.63068181827
3,"Thu",19,2666.63068181818
3,"Thu",20,2111.81249999987
3,"Thu",21,629.130681818187
3,"Thu",22,-917.460227272743
3,"Thu",23,-2211.50568181818
3,"Thu",24,-3197.05113636364
3,"Fri",1,-3713.07789855075
3,"Fri",2,-3898.22644927526
3,"Fri",3,-3883.61775362304
3,"Fri",4,-3601.44384057971
3,"Fri",5,-3078.61775362312
3,"Fri",6,-1084.74818840595
3,"Fri",7,884.643115941981
3,"Fri",8,1862.59963768119
3,"Fri",9,2090.94746376785
3,"Fri",10,1941.20833333327
3,"Fri",11,2177.86050724642
3,"Fri",12,2171.16485507249
3,"Fri",13,2151.25181159445
3,"Fri",14,1703.07789855076
3,"Fri",15,1402.64311594213
3,"Fri",16,1195.86050724635
3,"Fri",17,1401.33876811586
3,"Fri",18,2232.46920289854
3,"Fri",19,2477.38224637674
3,"Fri",20,1849.55615942024
3,"Fri",21,410.730072463789
3,"Fri",22,-1058.96557971011
3,"Fri",23,-2296.00905797101
3,"Fri",24,-3341.05253623188
3,"Sat",1,-1798.70454545456
3,"Sat",2,-2018.14772727269
3,"Sat",3,-2090.87500000001
3,"Sat",4,-2052.46590909082
3,"Sat",5,-2127.14772727271
3,"Sat",6,-1525.42045454542
3,"Sat",7,-237.465909090985
3,"Sat",8,949.034090909045
3,"Sat",9,1618.0340909093
3,"Sat",10,1811.2613636364
3,"Sat",11,1888.715909091
3,"Sat",12,1702.94318181832
3,"Sat",13,1515.67045454541
3,"Sat",14,890.215909091015
3,"Sat",15,545.988636363609
3,"Sat",16,470.306818181805
3,"Sat",17,747.715909090894
3,"Sat",18,1775.57954545462
3,"Sat",19,1948.35227272727
3,"Sat",20,1367.62499999988
3,"Sat",21,228.534090909085
3,"Sat",22,-826.920454545467
3,"Sat",23,-1930.05681818181
3,"Sat",24,-2904.05681818181
4,"Sun",1,-3166.76515151516
4,"Sun",2,-1505.05871212112
4,"Sun",3,-1672.0132575758
4,"Sun",4,-1680.42234848484
4,"Sun",5,-1925.37689393937
4,"Sun",6,-1851.42234848482
4,"Sun",7,-1029.05871212127
4,"Sun",8,-83.422348484881
4,"Sun",9,571.077651515209
4,"Sun",10,864.12310606063
4,"Sun",11,945.986742424284
4,"Sun",12,933.668560606111
4,"Sun",13,858.577651515136
4,"Sun",14,532.759469697006
4,"Sun",15,179.032196969688
4,"Sun",16,45.1685606060583
4,"Sun",17,156.395833333324
4,"Sun",18,490.895833333351
4,"Sun",19,1265.30492424242
4,"Sun",20,2232.80492424237
4,"Sun",21,1768.16856060606
4,"Sun",22,958.214015151498
4,"Sun",23,-9.42234848484361
4,"Sun",24,-819.604166666662
4,"Mon",1,-1203.82386363636
4,"Mon",2,-4152.88636363644
4,"Mon",3,-4113.29545454556
4,"Mon",4,-3861.24999999998
4,"Mon",5,-3455.43181818179
4,"Mon",6,-1541.52272727271
4,"Mon",7,316.977272727177
4,"Mon",8,1368.56818181814
4,"Mon",9,1771.97727272745
4,"Mon",10,1750.11363636367
4,"Mon",11,1933.56818181827
4,"Mon",12,1958.93181818193
4,"Mon",13,1863.06818181815
4,"Mon",14,1495.75000000009
4,"Mon",15,1270.0227272727
4,"Mon",16,1008.79545454544
4,"Mon",17,893.568181818171
4,"Mon",18,979.840909090958
4,"Mon",19,1720.47727272727
4,"Mon",20,2573.38636363627
4,"Mon",21,1584.34090909091
4,"Mon",22,196.840909090893
4,"Mon",23,-1039.97727272726
4,"Mon",24,-2012.8409090909
4,"Tue",1,-2473.17063492062
4,"Tue",2,-4164.78373015879
4,"Tue",3,-4170.11706349209
4,"Tue",4,-3880.11706349205
4,"Tue",5,-3456.40277777767
4,"Tue",6,-1348.45039682534
4,"Tue",7,772.359126983968
4,"Tue",8,1808.45436507931
4,"Tue",9,2099.40674603185
4,"Tue",10,2002.9781746032
4,"Tue",11,2208.16865079362
4,"Tue",12,2209.50198412713
4,"Tue",13,2083.3115079365
4,"Tue",14,1658.74007936505
4,"Tue",15,1449.93055555546
4,"Tue",16,1172.74007936516
4,"Tue",17,959.31150793646
4,"Tue",18,948.501984126947
4,"Tue",19,1634.45436507938
4,"Tue",20,2467.26388888883
4,"Tue",21,1263.59722222222
4,"Tue",22,-248.640873015899
4,"Tue",23,-1573.11706349207
4,"Tue",24,-2659.54563492063
4,"Wed",1,-3200.23611111109
4,"Wed",2,-3770.46031746036
4,"Wed",3,-3719.46031746029
4,"Wed",4,-3503.55555555559
4,"Wed",5,-3172.03174603166
4,"Wed",6,-1197.26984126976
4,"Wed",7,855.206349206169
4,"Wed",8,1868.20634920629
4,"Wed",9,2091.11111111123
4,"Wed",10,1938.87301587305
4,"Wed",11,2125.49206349203
4,"Wed",12,2134.30158730173
4,"Wed",13,1967.92063492063
4,"Wed",14,1554.58730158727
4,"Wed",15,1384.58730158721
4,"Wed",16,1065.82539682548
4,"Wed",17,867.349206349155
4,"Wed",18,865.444444444409
4,"Wed",19,1536.15873015874
4,"Wed",20,2315.87301587296
4,"Wed",21,1138.20634920635
4,"Wed",22,-436.746031746062
4,"Wed",23,-1748.26984126984
4,"Wed",24,-2799.79365079365
4,"Thu",1,-3371.43939393941
4,"Thu",2,-3675.81439393935
4,"Thu",3,-3681.35984848492
4,"Thu",4,-3470.99621212115
4,"Thu",5,-3199.26893939392
4,"Thu",6,-1259.85984848486
4,"Thu",7,768.821969696877
4,"Thu",8,1769.77651515147
4,"Thu",9,2068.68560606084
4,"Thu",10,1970.2310606061
4,"Thu",11,2204.64015151525
4,"Thu",12,2176.18560606075
4,"Thu",13,2015.32196969693
4,"Thu",14,1629.77651515164
4,"Thu",15,1421.04924242421
4,"Thu",16,1114.04924242422
4,"Thu",17,906.54924242423
4,"Thu",18,833.867424242491
4,"Thu",19,1455.23106060606
4,"Thu",20,2260.64015151504
4,"Thu",21,1125.64015151515
4,"Thu",22,-448.041666666681
4,"Thu",23,-1725.58712121211
4,"Thu",24,-2821.58712121212
4,"Fri",1,-3445.36706349205
4,"Fri",2,-3536.5178571429
4,"Fri",3,-3546.99404761899
4,"Fri",4,-3307.66071428576
4,"Fri",5,-3068.89880952372
4,"Fri",6,-1189.89880952374
4,"Fri",7,758.958333333148
4,"Fri",8,1776.05357142852
4,"Fri",9,2058.72023809535
4,"Fri",10,2051.76785714288
4,"Fri",11,2281.38690476187
4,"Fri",12,2227.767857143
4,"Fri",13,2096.33928571428
4,"Fri",14,1645.72023809521
4,"Fri",15,1438.72023809514
4,"Fri",16,1152.38690476199
4,"Fri",17,926.482142857093
4,"Fri",18,827.624999999958
4,"Fri",19,1375.52976190477
4,"Fri",20,2078.38690476185
4,"Fri",21,909.339285714284
4,"Fri",22,-555.327380952403
4,"Fri",23,-1842.70833333333
4,"Fri",24,-2946.85119047619
4,"Sat",1,-3621.03571428571
4,"Sat",2,-1701.94246031744
4,"Sat",3,-1842.94246031736
4,"Sat",4,-1840.08531746038
4,"Sat",5,-2073.70436507931
4,"Sat",6,-1505.13293650786
4,"Sat",7,-206.751984127105
4,"Sat",8,991.724206349176
4,"Sat",9,1779.2480158731
4,"Sat",10,1973.1527777778
4,"Sat",11,2075.20039682537
4,"Sat",12,1848.29563492076
4,"Sat",13,1603.00992063492
4,"Sat",14,996.771825396804
4,"Sat",15,680.105158730086
4,"Sat",16,432.962301587367
4,"Sat",17,319.295634920599
4,"Sat",18,379.200396825368
4,"Sat",19,919.771825396836
4,"Sat",20,1673.43849206345
4,"Sat",21,890.152777777768
4,"Sat",22,-257.894841269852
4,"Sat",23,-1467.75198412698
4,"Sat",24,-2506.46626984127
5,"Sun",1,-3055.09848484849
5,"Sun",2,-1695.7291666666
5,"Sun",3,-1854.45643939399
5,"Sun",4,-2201.95643939393
5,"Sun",5,-2543.36553030301
5,"Sun",6,-2058.5928030303
5,"Sun",7,-1226.68371212126
5,"Sun",8,-225.138257575795
5,"Sun",9,595.8617424243
5,"Sun",10,1089.31628787881
5,"Sun",11,1251.40719696974
5,"Sun",12,1283.04356060612
5,"Sun",13,1202.99810606059
5,"Sun",14,868.861742424289
5,"Sun",15,527.725378787866
5,"Sun",16,325.679924242419
5,"Sun",17,379.134469696959
5,"Sun",18,687.407196969718
5,"Sun",19,1093.77083333333
5,"Sun",20,1556.77083333328
5,"Sun",21,1877.90719696969
5,"Sun",22,1145.27083333332
5,"Sun",23,37.7708333333426
5,"Sun",24,-836.865530303026
5,"Mon",1,-1313.61363636364
5,"Mon",2,-4906.97348484852
5,"Mon",3,-4897.15530303043
5,"Mon",4,-4894.97348484847
5,"Mon",5,-4427.88257575755
5,"Mon",6,-1713.47348484849
5,"Mon",7,541.117424242329
5,"Mon",8,1719.02651515147
5,"Mon",9,2152.25378787901
5,"Mon",10,2135.84469696973
5,"Mon",11,2443.98106060615
5,"Mon",12,2529.02651515166
5,"Mon",13,2413.61742424238
5,"Mon",14,2032.39015151528
5,"Mon",15,1872.2992424242
5,"Mon",16,1608.79924242422
5,"Mon",17,1397.48106060605
5,"Mon",18,1279.11742424249
5,"Mon",19,1560.89015151515
5,"Mon",20,1924.3446969696
5,"Mon",21,1626.89015151515
5,"Mon",22,175.390151515132
5,"Mon",23,-1286.1553030303
5,"Mon",24,-2350.15530303031
5,"Tue",1,-2945.23484848486
5,"Tue",2,-3814.24431818177
5,"Tue",3,-3805.24431818191
5,"Tue",4,-3911.28977272723
5,"Tue",5,-3726.2443181818
5,"Tue",6,-1407.24431818182
5,"Tue",7,641.30113636354
5,"Tue",8,1660.30113636359
5,"Tue",9,2022.25568181841
5,"Tue",10,2013.48295454549
5,"Tue",11,2304.61931818192
5,"Tue",12,2407.71022727288
5,"Tue",13,2303.48295454541
5,"Tue",14,1904.43750000012
5,"Tue",15,1712.66477272724
5,"Tue",16,1395.07386363635
5,"Tue",17,1130.98295454545
5,"Tue",18,998.619318181887
5,"Tue",19,1242.80113636364
5,"Tue",20,1599.61931818172
5,"Tue",21,1229.75568181818
5,"Tue",22,-209.244318181842
5,"Tue",23,-1635.10795454545
5,"Tue",24,-2728.10795454545
5,"Wed",1,-3352.21376811596
5,"Wed",2,-3588.47282608683
5,"Wed",3,-3602.16847826072
5,"Wed",4,-3736.42934782609
5,"Wed",5,-3598.34239130423
5,"Wed",6,-1374.60326086973
5,"Wed",7,653.396739130401
5,"Wed",8,1652.13586956523
5,"Wed",9,1997.3967391302
5,"Wed",10,1985.44021739124
5,"Wed",11,2259.48369565221
5,"Wed",12,2304.70108695654
5,"Wed",13,2173.26630434805
5,"Wed",14,1805.17934782612
5,"Wed",15,1625.48369565226
5,"Wed",16,1357.30978260867
5,"Wed",17,1085.87499999992
5,"Wed",18,951.005434782605
5,"Wed",19,1191.48369565213
5,"Wed",20,1538.35326086954
5,"Wed",21,1203.65760869567
5,"Wed",22,-219.820652173873
5,"Wed",23,-1620.21195652174
5,"Wed",24,-2722.8206521739
5,"Thu",1,-3310.71212121213
5,"Thu",2,-3573.88068181816
5,"Thu",3,-3569.01704545463
5,"Thu",4,-3732.47159090903
5,"Thu",5,-3577.97159090907
5,"Thu",6,-1378.42613636364
5,"Thu",7,566.392045454443
5,"Thu",8,1593.75568181814
5,"Thu",9,1954.52840909113
5,"Thu",10,1935.61931818186
5,"Thu",11,2208.80113636374
5,"Thu",12,2265.84659090923
5,"Thu",13,2153.98295454541
5,"Thu",14,1771.98295454557
5,"Thu",15,1597.43749999997
5,"Thu",16,1314.16477272725
5,"Thu",17,1050.21022727272
5,"Thu",18,947.346590909157
5,"Thu",19,1201.25568181818
5,"Thu",20,1532.98295454536
5,"Thu",21,1277.89204545455
5,"Thu",22,-120.335227272756
5,"Thu",23,-1532.10795454545
5,"Thu",24,-2644.51704545454
5,"Fri",1,-3305.00000000002
5,"Fri",2,-3407.22159090904
5,"Fri",3,-3414.08522727281
5,"Fri",4,-3520.72159090903
5,"Fri",5,-3411.53977272726
5,"Fri",6,-1274.03977272727
5,"Fri",7,669.096590909001
5,"Fri",8,1676.27840909087
5,"Fri",9,2027.59659090931
5,"Fri",10,2019.00568181821
5,"Fri",11,2269.73295454555
5,"Fri",12,2277.91477272742
5,"Fri",13,2152.36931818178
5,"Fri",14,1765.0056818183
5,"Fri",15,1542.32386363633
5,"Fri",16,1214.14204545452
5,"Fri",17,959.687499999997
5,"Fri",18,816.278409090975
5,"Fri",19,993.869318181819
5,"Fri",20,1304.73295454537
5,"Fri",21,1092.41477272727
5,"Fri",22,-213.176136363657
5,"Fri",23,-1536.53977272726
5,"Fri",24,-2663.22159090909
5,"Sat",1,-3334.05303030305
5,"Sat",2,-1783.09848484839
5,"Sat",3,-1915.28030303032
5,"Sat",4,-2205.78030303023
5,"Sat",5,-2527.23484848483
5,"Sat",6,-1503.46212121211
5,"Sat",7,-171.825757575833
5,"Sat",8,1034.90151515147
5,"Sat",9,1820.12878787897
5,"Sat",10,2086.53787878791
5,"Sat",11,2209.26515151524
5,"Sat",12,2014.21969696983
5,"Sat",13,1716.76515151512
5,"Sat",14,1155.58333333344
5,"Sat",15,895.128787878759
5,"Sat",16,579.583333333314
5,"Sat",17,415.310606060597
5,"Sat",18,424.674242424293
5,"Sat",19,562.219696969697
5,"Sat",20,913.992424242352
5,"Sat",21,993.44696969697
5,"Sat",22,-21.5530303030517
5,"Sat",23,-1273.3712121212
5,"Sat",24,-2365.05303030303
6,"Sun",1,-3099.58730158729
6,"Sun",2,-1719.70039682535
6,"Sun",3,-2015.6051587302
6,"Sun",4,-2613.03373015874
6,"Sun",5,-2751.98611111103
6,"Sun",6,-2200.41468253975
6,"Sun",7,-1326.46230158727
6,"Sun",8,-335.271825396807
6,"Sun",9,531.871031746027
6,"Sun",10,1027.87103174602
6,"Sun",11,1265.96626984126
6,"Sun",12,1327.06150793657
6,"Sun",13,1275.2996031746
6,"Sun",14,935.823412698404
6,"Sun",15,689.918650793617
6,"Sun",16,569.871031746058
6,"Sun",17,668.10912698411
6,"Sun",18,912.775793650775
6,"Sun",19,1221.87103174604
6,"Sun",20,1303.1091269841
6,"Sun",21,1620.15674603174
6,"Sun",22,1381.68055555554
6,"Sun",23,212.156746031751
6,"Sun",24,-741.986111111114
6,"Mon",1,-1232.39087301585
6,"Mon",2,-5368.89880952393
6,"Mon",3,-5408.23214285724
6,"Mon",4,-5633.6607142857
6,"Mon",5,-4904.23214285703
6,"Mon",6,-1942.5178571429
6,"Mon",7,466.482142857025
6,"Mon",8,1756.57738095234
6,"Mon",9,2270.86309523819
6,"Mon",10,2350.14880952383
6,"Mon",11,2721.24404761902
6,"Mon",12,2890.95833333349
6,"Mon",13,2790.29166666666
6,"Mon",14,2460.43452380949
6,"Mon",15,2303.33928571418
6,"Mon",16,2036.72023809534
6,"Mon",17,1766.95833333328
6,"Mon",18,1539.14880952377
6,"Mon",19,1674.3392857143
6,"Mon",20,1580.10119047613
6,"Mon",21,1338.29166666666
6,"Mon",22,278.196428571413
6,"Mon",23,-1278.94642857143
6,"Mon",24,-2504.23214285715
6,"Tue",1,-3177.4109848485
6,"Tue",2,-4022.24999999997
6,"Tue",3,-4108.34090909101
6,"Tue",4,-4424.47727272723
6,"Tue",5,-4004.20454545452
6,"Tue",6,-1497.25000000001
6,"Tue",7,658.931818181709
6,"Tue",8,1718.47727272722
6,"Tue",9,2125.06818181842
6,"Tue",10,2153.02272727276
6,"Tue",11,2500.52272727284
6,"Tue",12,2628.38636363653
6,"Tue",13,2519.11363636358
6,"Tue",14,2190.15909090923
6,"Tue",15,2009.06818181815
6,"Tue",16,1697.43181818179
6,"Tue",17,1375.06818181818
6,"Tue",18,1176.61363636371
6,"Tue",19,1306.93181818182
6,"Tue",20,1239.70454545445
6,"Tue",21,961.295454545455
6,"Tue",22,-98.0227272727423
6,"Tue",23,-1626.29545454544
6,"Tue",24,-2894.93181818181
6,"Wed",1,-3593.74404761903
6,"Wed",2,-4003.28769841273
6,"Wed",3,-4090.5257936508
6,"Wed",4,-4395.85912698417
6,"Wed",5,-3962.76388888877
6,"Wed",6,-1490.81150793645
6,"Wed",7,649.378968253791
6,"Wed",8,1739.85515873011
6,"Wed",9,2120.33134920646
6,"Wed",10,2136.99801587304
6,"Wed",11,2542.61706349203
6,"Wed",12,2672.42658730174
6,"Wed",13,2593.4742063492
6,"Wed",14,2202.75992063489
6,"Wed",15,2044.09325396814
6,"Wed",16,1744.04563492074
6,"Wed",17,1462.617063492
6,"Wed",18,1208.75992063488
6,"Wed",19,1312.33134920637
6,"Wed",20,1177.23611111106
6,"Wed",21,875.66468253968
6,"Wed",22,-178.716269841292
6,"Wed",23,-1701.90674603174
6,"Wed",24,-2966.76388888889
6,"Thu",1,-3678.72420634919
6,"Thu",2,-3257.89285714288
6,"Thu",3,-3388.36904761903
6,"Thu",4,-3800.13095238099
6,"Thu",5,-3568.98809523798
6,"Thu",6,-1577.55952380948
6,"Thu",7,305.583333333202
6,"Thu",8,1355.29761904757
6,"Thu",9,1820.44047619057
6,"Thu",10,1885.63095238097
6,"Thu",11,2195.48809523807
6,"Thu",12,2308.29761904775
6,"Thu",13,2227.91666666666
6,"Thu",14,1910.34523809521
6,"Thu",15,1757.53571428561
6,"Thu",16,1474.39285714294
6,"Thu",17,1237.05952380947
6,"Thu",18,1073.01190476187
6,"Thu",19,1151.53571428573
6,"Thu",20,1085.29761904758
6,"Thu",21,948.249999999996
6,"Thu",22,42.8214285714058
6,"Thu",23,-1393.03571428572
6,"Thu",24,-2564.98809523809
6,"Fri",1,-3168.8787878788
6,"Fri",2,-3898.98295454542
6,"Fri",3,-4003.07386363645
6,"Fri",4,-4321.25568181814
6,"Fri",5,-3926.61931818178
6,"Fri",6,-1616.48295454547
6,"Fri",7,457.744318181697
6,"Fri",8,1582.0170454545
6,"Fri",9,2059.88068181841
6,"Fri",10,2176.60795454549
6,"Fri",11,2532.28977272738
6,"Fri",12,2648.06250000015
6,"Fri",13,2563.28977272723
6,"Fri",14,2196.88068181832
6,"Fri",15,2056.06249999996
6,"Fri",16,1759.3352272727
6,"Fri",17,1455.47159090908
6,"Fri",18,1193.06250000008
6,"Fri",19,1197.74431818182
6,"Fri",20,1004.33522727264
6,"Fri",21,747.062500000004
6,"Fri",22,-148.528409090932
6,"Fri",23,-1519.16477272727
6,"Fri",24,-2726.66477272727
6,"Sat",1,-3474.67803030305
6,"Sat",2,-1930.72916666656
6,"Sat",3,-2122.95643939397
6,"Sat",4,-2659.32007575751
6,"Sat",5,-2744.54734848483
6,"Sat",6,-1609.09280303029
6,"Sat",7,-214.092803030382
6,"Sat",8,1096.40719696965
6,"Sat",9,1936.95265151534
6,"Sat",10,2236.22537878791
6,"Sat",11,2406.04356060615
6,"Sat",12,2245.81628787893
6,"Sat",13,1948.36174242421
6,"Sat",14,1369.17992424253
6,"Sat",15,1103.2708333333
6,"Sat",16,858.225378787861
6,"Sat",17,676.998106060601
6,"Sat",18,609.225378787935
6,"Sat",19,622.361742424242
6,"Sat",20,470.225378787809
6,"Sat",21,497.861742424239
6,"Sat",22,-40.0473484848637
6,"Sat",23,-1268.13825757575
6,"Sat",24,-2388.45643939394
7,"Sun",1,-3121.52840909092
7,"Sun",2,-1713.29734848478
7,"Sun",3,-1925.38825757581
7,"Sun",4,-2386.52462121212
7,"Sun",5,-2694.47916666664
7,"Sun",6,-2206.57007575756
7,"Sun",7,-1366.25189393945
7,"Sun",8,-414.706439393973
7,"Sun",9,487.611742424293
7,"Sun",10,1064.884469697
7,"Sun",11,1254.88446969702
7,"Sun",12,1291.1117424243
7,"Sun",13,1267.92992424241
7,"Sun",14,958.066287878836
7,"Sun",15,699.611742424232
7,"Sun",16,587.83901515151
7,"Sun",17,655.839015151506
7,"Sun",18,860.83901515154
7,"Sun",19,1120.24810606061
7,"Sun",20,1274.74810606056
7,"Sun",21,1699.42992424242
7,"Sun",22,1308.65719696969
7,"Sun",23,191.611742424247
7,"Sun",24,-759.524621212122
7,"Mon",1,-1258.24456521741
7,"Mon",2,-5190.54891304344
7,"Mon",3,-5212.3749999998
7,"Mon",4,-5311.54891304351
7,"Mon",5,-4799.72282608678
7,"Mon",6,-2146.59239130458
7,"Mon",7,155.320652173905
7,"Mon",8,1551.10326086959
7,"Mon",9,2206.01630434762
7,"Mon",10,2376.05978260865
7,"Mon",11,2753.19021739135
7,"Mon",12,2935.49456521741
7,"Mon",13,2914.62500000025
7,"Mon",14,2558.49456521743
7,"Mon",15,2360.53804347836
7,"Mon",16,2011.88586956518
7,"Mon",17,1676.14673913036
7,"Mon",18,1478.79891304347
7,"Mon",19,1560.32065217386
7,"Mon",20,1570.10326086954
7,"Mon",21,1371.75543478263
7,"Mon",22,144.016304347861
7,"Mon",23,-1319.89673913043
7,"Mon",24,-2496.72282608695
7,"Tue",1,-3138.50757575759
7,"Tue",2,-3910.67234848482
7,"Tue",3,-3963.76325757585
7,"Tue",4,-4188.12689393935
7,"Tue",5,-3942.44507575755
7,"Tue",6,-1698.1268939394
7,"Tue",7,331.964015151412
7,"Tue",8,1512.55492424237
7,"Tue",9,2009.64583333356
7,"Tue",10,2088.14583333337
7,"Tue",11,2496.23674242435
7,"Tue",12,2616.00946969713
7,"Tue",13,2595.00946969692
7,"Tue",14,2198.14583333347
7,"Tue",15,2020.10037878784
7,"Tue",16,1690.82765151513
7,"Tue",17,1377.05492424242
7,"Tue",18,1169.69128787886
7,"Tue",19,1278.69128787879
7,"Tue",20,1248.82765151505
7,"Tue",21,1071.8731060606
7,"Tue",22,-126.990530303053
7,"Tue",23,-1599.39962121211
7,"Tue",24,-2798.2178030303
7,"Wed",1,-3466.05681818183
7,"Wed",2,-3913.97537878782
7,"Wed",3,-3971.38446969707
7,"Wed",4,-4190.70265151509
7,"Wed",5,-3972.47537878785
7,"Wed",6,-1735.1571969697
7,"Wed",7,320.024621211988
7,"Wed",8,1487.7973484848
7,"Wed",9,2017.4791666669
7,"Wed",10,2128.8882575758
7,"Wed",11,2497.43371212132
7,"Wed",12,2674.70643939409
7,"Wed",13,2633.20643939389
7,"Wed",14,2231.43371212135
7,"Wed",15,2085.07007575754
7,"Wed",16,1747.75189393937
7,"Wed",17,1394.43371212121
7,"Wed",18,1177.43371212129
7,"Wed",19,1293.97916666666
7,"Wed",20,1260.57007575747
7,"Wed",21,1032.79734848485
7,"Wed",22,-196.975378787892
7,"Wed",23,-1651.29356060605
7,"Wed",24,-2849.70265151515
7,"Thu",1,-3508.4753787879
7,"Thu",2,-3866.46401515147
7,"Thu",3,-3915.41856060616
7,"Thu",4,-4146.23674242419
7,"Thu",5,-3945.41856060604
7,"Thu",6,-1737.82765151516
7,"Thu",7,294.854166666572
7,"Thu",8,1448.89962121207
7,"Thu",9,1959.80871212144
7,"Thu",10,2072.94507575762
7,"Thu",11,2440.39962121223
7,"Thu",12,2597.80871212136
7,"Thu",13,2555.53598484844
7,"Thu",14,2190.12689393953
7,"Thu",15,2035.49053030299
7,"Thu",16,1696.03598484846
7,"Thu",17,1403.49053030302
7,"Thu",18,1171.35416666674
7,"Thu",19,1284.58143939393
7,"Thu",20,1247.85416666656
7,"Thu",21,1083.08143939394
7,"Thu",22,-96.8731060606316
7,"Thu",23,-1552.32765151514
7,"Thu",24,-2768.3731060606
7,"Fri",1,-3453.32765151517
7,"Fri",2,-3736.38257575754
7,"Fri",3,-3806.51893939402
7,"Fri",4,-3996.42803030297
7,"Fri",5,-3797.8371212121
7,"Fri",6,-1630.56439393939
7,"Fri",7,357.390151515053
7,"Fri",8,1540.02651515146
7,"Fri",9,2078.66287878811
7,"Fri",10,2214.4810606061
7,"Fri",11,2572.7537878789
7,"Fri",12,2674.34469696986
7,"Fri",13,2570.57196969692
7,"Fri",14,2170.43560606074
7,"Fri",15,2004.61742424238
7,"Fri",16,1691.98106060604
7,"Fri",17,1409.02651515151
7,"Fri",18,1174.70833333342
7,"Fri",19,1147.98106060606
7,"Fri",20,996.571969696876
7,"Fri",21,778.617424242427
7,"Fri",22,-284.882575757592
7,"Fri",23,-1658.97348484848
7,"Fri",24,-2858.60984848484
7,"Sat",1,-3621.79734848486
7,"Sat",2,-1787.92234848474
7,"Sat",3,-1960.74053030305
7,"Sat",4,-2399.55871212114
7,"Sat",5,-2695.01325757575
7,"Sat",6,-1676.74053030302
7,"Sat",7,-275.058712121295
7,"Sat",8,937.577651515106
7,"Sat",9,1806.35037878807
7,"Sat",10,2184.16856060609
7,"Sat",11,2381.75946969706
7,"Sat",12,2235.21401515166
7,"Sat",13,1902.62310606057
7,"Sat",14,1314.80492424253
7,"Sat",15,1086.12310606058
7,"Sat",16,847.623106060585
7,"Sat",17,674.35037878787
7,"Sat",18,624.168560606115
7,"Sat",19,615.895833333334
7,"Sat",20,512.168560605989
7,"Sat",21,640.123106060605
7,"Sat",22,-90.2405303030455
7,"Sat",23,-1306.92234848484
7,"Sat",24,-2443.74053030303
8,"Sun",1,-3177.00378787881
8,"Sun",2,-1763.42045454537
8,"Sun",3,-1959.28409090914
8,"Sun",4,-2061.60227272727
8,"Sun",5,-2500.37499999998
8,"Sun",6,-2258.10227272726
8,"Sun",7,-1418.64772727278
8,"Sun",8,-447.284090909123
8,"Sun",9,456.261363636421
8,"Sun",10,992.443181818216
8,"Sun",11,1164.80681818187
8,"Sun",12,1224.44318181824
8,"Sun",13,1195.53409090907
8,"Sun",14,897.85227272732
8,"Sun",15,675.715909090895
8,"Sun",16,583.761363636358
8,"Sun",17,654.7159090909
8,"Sun",18,884.761363636391
8,"Sun",19,1284.44318181818
8,"Sun",20,1981.17045454539
8,"Sun",21,1858.44318181818
8,"Sun",22,971.215909090897
8,"Sun",23,-101.51136363636
8,"Sun",24,-948.511363636365
8,"Mon",1,-1366.82954545454
8,"Mon",2,-5223.36174242432
8,"Mon",3,-5220.22537878802
8,"Mon",4,-4984.63446969694
8,"Mon",5,-4603.90719696966
8,"Mon",6,-2212.49810606063
8,"Mon",7,64.3655303029182
8,"Mon",8,1463.82007575752
8,"Mon",9,2133.45643939417
8,"Mon",10,2294.27462121217
8,"Mon",11,2698.9109848486
8,"Mon",12,2852.27462121228
8,"Mon",13,2845.59280303025
8,"Mon",14,2484.50189393953
8,"Mon",15,2324.82007575754
8,"Mon",16,2011.41098484846
8,"Mon",17,1688.09280303029
8,"Mon",18,1524.45643939402
8,"Mon",19,1777.91098484848
8,"Mon",20,2341.41098484837
8,"Mon",21,1508.09280303031
8,"Mon",22,-186.861742424272
8,"Mon",23,-1620.81628787878
8,"Mon",24,-2691.22537878788
8,"Tue",1,-3261.18750000002
8,"Tue",2,-3924.07954545452
8,"Tue",3,-3962.80681818191
8,"Tue",4,-3819.48863636357
8,"Tue",5,-3715.57954545451
8,"Tue",6,-1812.62499999998
8,"Tue",7,195.920454545336
8,"Tue",8,1420.96590909085
8,"Tue",9,1968.55681818205
8,"Tue",10,2079.28409090913
8,"Tue",11,2431.51136363647
8,"Tue",12,2562.46590909106
8,"Tue",13,2512.14772727268
8,"Tue",14,2096.73863636377
8,"Tue",15,1909.46590909088
8,"Tue",16,1609.87499999998
8,"Tue",17,1355.19318181817
8,"Tue",18,1151.73863636371
8,"Tue",19,1385.82954545455
8,"Tue",20,1980.8749999999
8,"Tue",21,1215.69318181819
8,"Tue",22,-410.170454545472
8,"Tue",23,-1819.30681818181
8,"Tue",24,-2901.94318181818
8,"Wed",1,-3496.94886363637
8,"Wed",2,-3893.63257575753
8,"Wed",3,-3930.99621212129
8,"Wed",4,-3805.95075757569
8,"Wed",5,-3733.17803030301
8,"Wed",6,-1838.08712121211
8,"Wed",7,145.594696969581
8,"Wed",8,1358.32196969692
8,"Wed",9,1936.09469696992
8,"Wed",10,2070.36742424247
8,"Wed",11,2427.0037878789
8,"Wed",12,2547.95833333348
8,"Wed",13,2480.18560606056
8,"Wed",14,2115.27651515165
8,"Wed",15,1960.9583333333
8,"Wed",16,1636.27651515149
8,"Wed",17,1334.64015151515
8,"Wed",18,1154.3674242425
8,"Wed",19,1363.32196969697
8,"Wed",20,1966.95833333323
8,"Wed",21,1242.54924242424
8,"Wed",22,-395.768939393963
8,"Wed",23,-1770.4962121212
8,"Wed",24,-2874.58712121212
8,"Thu",1,-3504.91123188407
8,"Thu",2,-3935.96557971003
8,"Thu",3,-3971.0960144926
8,"Thu",4,-3886.18297101449
8,"Thu",5,-3803.44384057961
8,"Thu",6,-1914.00905797118
8,"Thu",7,65.9909420289655
8,"Thu",8,1301.59963768118
8,"Thu",9,1894.03442028964
8,"Thu",10,2032.59963768111
8,"Thu",11,2442.25181159425
8,"Thu",12,2611.16485507248
8,"Thu",13,2543.20833333358
8,"Thu",14,2207.29528985511
8,"Thu",15,2041.33876811604
8,"Thu",16,1719.68659420287
8,"Thu",17,1424.46920289846
8,"Thu",18,1186.51268115941
8,"Thu",19,1423.99094202893
8,"Thu",20,1990.38224637678
8,"Thu",21,1207.51268115944
8,"Thu",22,-396.922101449241
8,"Thu",23,-1778.13949275362
8,"Thu",24,-2890.70471014492
8,"Fri",1,-3509.42234848486
8,"Fri",2,-3887.8579545454
8,"Fri",3,-3914.22159090919
8,"Fri",4,-3785.31249999994
8,"Fri",5,-3676.58522727271
8,"Fri",6,-1759.08522727269
8,"Fri",7,244.642045454431
8,"Fri",8,1505.00568181812
8,"Fri",9,2112.18750000025
8,"Fri",10,2250.41477272731
8,"Fri",11,2597.91477272739
8,"Fri",12,2701.5511363638
8,"Fri",13,2629.32386363631
8,"Fri",14,2209.82386363651
8,"Fri",15,2027.91477272723
8,"Fri",16,1722.55113636361
8,"Fri",17,1408.23295454545
8,"Fri",18,1154.68750000008
8,"Fri",19,1263.59659090909
8,"Fri",20,1734.14204545443
8,"Fri",21,932.823863636369
8,"Fri",22,-614.357954545472
8,"Fri",23,-1948.17613636362
8,"Fri",24,-3118.3125
8,"Sat",1,-3768.34469696971
8,"Sat",2,-1905.44507575747
8,"Sat",3,-2022.99053030305
8,"Sat",4,-2087.08143939386
8,"Sat",5,-2484.26325757573
8,"Sat",6,-1703.3996212121
8,"Sat",7,-396.626893939482
8,"Sat",8,898.691287878739
8,"Sat",9,1784.69128787898
8,"Sat",10,2100.10037878791
8,"Sat",11,2237.00946969706
8,"Sat",12,2128.4185606062
8,"Sat",13,1841.00946969693
8,"Sat",14,1268.64583333344
8,"Sat",15,1014.60037878785
8,"Sat",16,804.327651515134
8,"Sat",17,673.827651515139
8,"Sat",18,623.282196969755
8,"Sat",19,737.32765151515
8,"Sat",20,1239.00946969689
8,"Sat",21,842.918560606064
8,"Sat",22,-342.808712121227
8,"Sat",23,-1527.76325757575
8,"Sat",24,-2541.12689393939
9,"Sun",1,-3383.49431818183
9,"Sun",2,-1851.61363636355
9,"Sun",3,-2043.3863636364
9,"Sun",4,-2043.4318181818
9,"Sun",5,-2081.24999999998
9,"Sun",6,-2128.52272727269
9,"Sun",7,-1432.25000000006
9,"Sun",8,-424.931818181853
9,"Sun",9,398.795454545522
9,"Sun",10,845.113636363674
9,"Sun",11,996.704545454598
9,"Sun",12,1048.15909090915
9,"Sun",13,1022.06818181816
9,"Sun",14,698.38636363641
9,"Sun",15,483.068181818172
9,"Sun",16,400.113636363633
9,"Sun",17,635.886363636348
9,"Sun",18,1226.20454545458
9,"Sun",19,2499.84090909091
9,"Sun",20,2607.11363636355
9,"Sun",21,1603.25
9,"Sun",22,631.749999999984
9,"Sun",23,-389.613636363625
9,"Sun",24,-1169.97727272727
9,"Mon",1,-1524.0099206349
9,"Mon",2,-5451.61706349219
9,"Mon",3,-5419.33134920644
9,"Mon",4,-5047.18849206349
9,"Mon",5,-4112.90277777766
9,"Mon",6,-1516.37896825392
9,"Mon",7,713.811507936331
9,"Mon",8,1830.43055555549
9,"Mon",9,2150.28769841281
9,"Mon",10,2046.4781746032
9,"Mon",11,2318.00198412696
9,"Mon",12,2397.6686507938
9,"Mon",13,2305.71626984126
9,"Mon",14,1955.19246031743
9,"Mon",15,1922.57341269831
9,"Mon",16,1741.8115079366
9,"Mon",17,1630.85912698407
9,"Mon",18,1835.95436507932
9,"Mon",19,3067.2400793651
9,"Mon",20,2953.14484126977
9,"Mon",21,1256.57341269842
9,"Mon",22,-520.6646825397
9,"Mon",23,-1845.04563492064
9,"Mon",24,-2842.61706349206
9,"Tue",1,-3375.44246031744
9,"Tue",2,-4187.13690476196
9,"Tue",3,-4172.37499999997
9,"Tue",4,-3903.56547619051
9,"Tue",5,-3245.18452380943
9,"Tue",6,-1120.70833333323
9,"Tue",7,809.291666666474
9,"Tue",8,1724.72023809517
9,"Tue",9,1953.76785714297
9,"Tue",10,1799.91071428574
9,"Tue",11,2076.9583333333
9,"Tue",12,2144.62500000015
9,"Tue",13,2043.95833333333
9,"Tue",14,1703.33928571425
9,"Tue",15,1640.67261904751
9,"Tue",16,1474.86309523819
9,"Tue",17,1336.48214285708
9,"Tue",18,1515.72023809519
9,"Tue",19,2742.48214285716
9,"Tue",20,2662.33928571421
9,"Tue",21,961.19642857142
9,"Tue",22,-812.375000000019
9,"Tue",23,-2191.18452380952
9,"Tue",24,-3205.04166666667
9,"Wed",1,-3760.0984848485
9,"Wed",2,-4123.89204545448
9,"Wed",3,-4112.16477272736
9,"Wed",4,-3849.43749999992
9,"Wed",5,-3219.25568181816
9,"Wed",6,-1098.66477272727
9,"Wed",7,850.971590908977
9,"Wed",8,1744.33522727268
9,"Wed",9,1974.15340909116
9,"Wed",10,1843.19886363641
9,"Wed",11,2071.28977272738
9,"Wed",12,2137.92613636379
9,"Wed",13,2044.92613636359
9,"Wed",14,1705.69886363649
9,"Wed",15,1643.65340909087
9,"Wed",16,1476.60795454544
9,"Wed",17,1328.47159090908
9,"Wed",18,1503.01704545463
9,"Wed",19,2685.69886363636
9,"Wed",20,2594.60795454532
9,"Wed",21,911.244318181825
9,"Wed",22,-857.392045454565
9,"Wed",23,-2214.43749999999
9,"Wed",24,-3249.07386363637
9,"Thu",1,-3777.67658730157
9,"Thu",2,-4107.31944444449
9,"Thu",3,-4126.79563492063
9,"Thu",4,-3865.31944444447
9,"Thu",5,-3240.986111111
9,"Thu",6,-1122.986111111
9,"Thu",7,777.299603174412
9,"Thu",8,1678.34722222215
9,"Thu",9,1935.20436507948
9,"Thu",10,1791.82341269844
9,"Thu",11,2085.25198412695
9,"Thu",12,2141.53769841285
9,"Thu",13,2070.20436507936
9,"Thu",14,1727.25198412696
9,"Thu",15,1676.01388888878
9,"Thu",16,1475.15674603184
9,"Thu",17,1337.34722222216
9,"Thu",18,1535.77579365074
9,"Thu",19,2706.20436507939
9,"Thu",20,2582.25198412691
9,"Thu",21,913.490079365065
9,"Thu",22,-804.557539682571
9,"Thu",23,-2165.70039682539
9,"Thu",24,-3207.79563492064
9,"Fri",1,-3785.92063492062
9,"Fri",2,-3993.20634920638
9,"Fri",3,-3976.77777777775
9,"Fri",4,-3705.92063492064
9,"Fri",5,-3082.39682539673
9,"Fri",6,-1034.87301587291
9,"Fri",7,844.365079364874
9,"Fri",8,1741.74603174596
9,"Fri",9,1987.07936507948
9,"Fri",10,1898.55555555558
9,"Fri",11,2170.22222222219
9,"Fri",12,2209.69841269856
9,"Fri",13,2103.12698412697
9,"Fri",14,1719.98412698409
9,"Fri",15,1650.55555555545
9,"Fri",16,1428.88888888898
9,"Fri",17,1295.0793650793
9,"Fri",18,1410.7936507936
9,"Fri",19,2489.74603174605
9,"Fri",20,2335.03174603168
9,"Fri",21,721.174603174603
9,"Fri",22,-919.063492063513
9,"Fri",23,-2176.77777777778
9,"Fri",24,-3229.30158730159
9,"Sat",1,-3884.83901515154
9,"Sat",2,-2004.85795454534
9,"Sat",3,-2116.58522727274
9,"Sat",4,-2080.40340909083
9,"Sat",5,-2051.03977272726
9,"Sat",6,-1505.22159090906
9,"Sat",7,-254.676136363724
9,"Sat",8,1024.59659090904
9,"Sat",9,1783.14204545475
9,"Sat",10,2031.23295454549
9,"Sat",11,2142.05113636373
9,"Sat",12,1957.09659090923
9,"Sat",13,1646.73295454542
9,"Sat",14,1049.5965909092
9,"Sat",15,807.142045454519
9,"Sat",16,633.869318181801
9,"Sat",17,569.369318181808
9,"Sat",18,839.68750000006
9,"Sat",19,1819.50568181818
9,"Sat",20,1750.2784090908
9,"Sat",21,577.051136363634
9,"Sat",22,-654.676136363652
9,"Sat",23,-1797.72159090908
9,"Sat",24,-2783.58522727273
10,"Sun",1,-3521.78219696971
10,"Sun",2,-2059.63257575757
10,"Sun",3,-2270.14506172839
10,"Sun",4,-2204.49621212131
10,"Sun",5,-2049.49621212119
10,"Sun",6,-1716.85984848491
10,"Sun",7,-1289.17803030301
10,"Sun",8,-380.450757575714
10,"Sun",9,381.821969696967
10,"Sun",10,758.867424242497
10,"Sun",11,884.412878787852
10,"Sun",12,923.867424242481
10,"Sun",13,865.412878787891
10,"Sun",14,562.68560606061
10,"Sun",15,361.321969696998
10,"Sun",16,545.77651515157
10,"Sun",17,1143.27651515156
10,"Sun",18,2276.95833333336
10,"Sun",19,2746.95833333333
10,"Sun",20,2260.6856060605
10,"Sun",21,1325.54924242424
10,"Sun",22,459.049242424231
10,"Sun",23,-512.132575757572
10,"Sun",24,-1268.95075757576
10,"Mon",1,-2313.00000000001
10,"Mon",2,-5645.33522727277
10,"Mon",3,-5588.38068181831
10,"Mon",4,-5171.19886363634
10,"Mon",5,-4076.92613636362
10,"Mon",6,-1030.8806818182
10,"Mon",7,999.255681818077
10,"Mon",8,2031.80113636359
10,"Mon",9,2263.75568181844
10,"Mon",10,2051.4829545455
10,"Mon",11,2242.43750000011
10,"Mon",12,2289.25568181834
10,"Mon",13,2250.16477272722
10,"Mon",14,1926.75568181832
10,"Mon",15,1818.52840909088
10,"Mon",16,1783.21022727271
10,"Mon",17,2058.75568181817
10,"Mon",18,2893.07386363647
10,"Mon",19,3245.75568181818
10,"Mon",20,2534.98295454532
10,"Mon",21,956.30113636364
10,"Mon",22,-754.607954545484
10,"Mon",23,-2079.97159090908
10,"Mon",24,-3078.97159090909
10,"Tue",1,-3656.79891304349
10,"Tue",2,-4367.03804347817
10,"Tue",3,-4348.21195652158
10,"Tue",4,-4069.60326086958
10,"Tue",5,-3231.9076086956
10,"Tue",6,-676.125000000175
10,"Tue",7,1073.26630434778
10,"Tue",8,1893.17934782611
10,"Tue",9,2066.26630434755
10,"Tue",10,1837.44021739125
10,"Tue",11,2016.39673913049
10,"Tue",12,2058.74456521741
10,"Tue",13,2018.04891304373
10,"Tue",14,1635.48369565221
10,"Tue",15,1534.78804347837
10,"Tue",16,1518.96195652171
10,"Tue",17,1808.04891304338
10,"Tue",18,2594.30978260868
10,"Tue",19,2913.17934782601
10,"Tue",20,2200.04891304344
10,"Tue",21,576.135869565251
10,"Tue",22,-1112.86413043474
10,"Tue",23,-2452.03804347827
10,"Tue",24,-3495.55978260869
10,"Wed",1,-3957.92803030304
10,"Wed",2,-4360.8503787878
10,"Wed",3,-4311.62310606069
10,"Wed",4,-4066.668560606
10,"Wed",5,-3239.21401515152
10,"Wed",6,-675.714015151522
10,"Wed",7,1076.24053030293
10,"Wed",8,1930.55871212116
10,"Wed",9,2107.92234848512
10,"Wed",10,1873.83143939398
10,"Wed",11,2084.64962121224
10,"Wed",12,2068.05871212137
10,"Wed",13,1992.33143939389
10,"Wed",14,1641.96780303043
10,"Wed",15,1534.55871212118
10,"Wed",16,1457.96780303028
10,"Wed",17,1736.14962121211
10,"Wed",18,2591.78598484859
10,"Wed",19,2897.05871212121
10,"Wed",20,2194.74053030289
10,"Wed",21,576.285984848488
10,"Wed",22,-1119.89583333336
10,"Wed",23,-2478.80492424242
10,"Wed",24,-3498.71401515151
10,"Thu",1,-4012.80681818183
10,"Thu",2,-4255.4507575757
10,"Thu",3,-4202.67803030312
10,"Thu",4,-3960.63257575752
10,"Thu",5,-3186.90530303029
10,"Thu",6,-619.041666666673
10,"Thu",7,1142.04924242414
10,"Thu",8,1984.95833333328
10,"Thu",9,2122.45833333361
10,"Thu",10,1883.7310606061
10,"Thu",11,2067.50378787891
10,"Thu",12,2043.5492424244
10,"Thu",13,1964.59469696965
10,"Thu",14,1623.45833333347
10,"Thu",15,1489.4583333333
10,"Thu",16,1402.45833333332
10,"Thu",17,1633.64015151513
10,"Thu",18,2535.64015151525
10,"Thu",19,2831.91287878789
10,"Thu",20,2128.73106060591
10,"Thu",21,555.640151515153
10,"Thu",22,-1160.90530303034
10,"Thu",23,-2493.08712121211
10,"Thu",24,-3517.58712121212
10,"Fri",1,-4004.17803030305
10,"Fri",2,-4166.76893939388
10,"Fri",3,-4126.04166666675
10,"Fri",4,-3839.95075757568
10,"Fri",5,-3029.9053030303
10,"Fri",6,-485.632575757569
10,"Fri",7,1173.41287878778
10,"Fri",8,1950.09469696965
10,"Fri",9,2117.23106060633
10,"Fri",10,1885.91287878792
10,"Fri",11,2063.23106060618
10,"Fri",12,2026.73106060622
10,"Fri",13,1926.18560606056
10,"Fri",14,1545.04924242436
10,"Fri",15,1419.73106060603
10,"Fri",16,1341.64015151513
10,"Fri",17,1569.82196969695
10,"Fri",18,2459.54924242433
10,"Fri",19,2706.27651515151
10,"Fri",20,1986.59469696957
10,"Fri",21,475.003787878793
10,"Fri",22,-1122.35984848487
10,"Fri",23,-2373.58712121211
10,"Fri",24,-3434.72348484848
10,"Sat",1,-3978.02651515153
10,"Sat",2,-2176.61363636352
10,"Sat",3,-2250.84090909093
10,"Sat",4,-2194.93181818172
10,"Sat",5,-2011.34090909089
10,"Sat",6,-1084.65909090907
10,"Sat",7,-169.068181818263
10,"Sat",8,970.840909090862
10,"Sat",9,1739.93181818203
10,"Sat",10,1916.34090909094
10,"Sat",11,1997.52272727283
10,"Sat",12,1787.38636363651
10,"Sat",13,1465.74999999996
10,"Sat",14,901.431818181924
10,"Sat",15,712.659090909067
10,"Sat",16,677.795454545442
10,"Sat",17,1025.74999999998
10,"Sat",18,1977.56818181826
10,"Sat",19,2131.88636363636
10,"Sat",20,1458.4318181817
10,"Sat",21,298.704545454546
10,"Sat",22,-828.159090909111
10,"Sat",23,-1947.93181818181
10,"Sat",24,-2941.47727272727
11,"Sun",1,-1950.2738095238
11,"Sun",2,-2330.51190476192
11,"Sun",3,-2477.70238095239
11,"Sun",4,-2424.79761904761
11,"Sun",5,-2289.32142857136
11,"Sun",6,-1978.41666666667
11,"Sun",7,-1653.94047619048
11,"Sun",8,-742.369047619052
11,"Sun",9,132.488095238094
11,"Sun",10,703.154761904741
11,"Sun",11,992.107142857133
11,"Sun",12,1155.96428571437
11,"Sun",13,1255.53571428571
11,"Sun",14,981.01190476189
11,"Sun",15,923.345238095188
11,"Sun",16,1840.53571428577
11,"Sun",17,2279.3928571428
11,"Sun",18,2321.96428571425
11,"Sun",19,2326.39285714288
11,"Sun",20,1856.1071428571
11,"Sun",21,990.726190476189
11,"Sun",22,271.678571428563
11,"Sun",23,-705.464285714287
11,"Sun",24,-1477.60714285714
11,"Mon",1,-5420.02651515153
11,"Mon",2,-5612.02651515143
11,"Mon",3,-5578.70833333345
11,"Mon",4,-5194.84469696968
11,"Mon",5,-4150.4356060606
11,"Mon",6,-1430.52651515152
11,"Mon",7,472.382575757453
11,"Mon",8,1712.7916666666
11,"Mon",9,2152.65530303056
11,"Mon",10,2162.51893939399
11,"Mon",11,2444.20075757588
11,"Mon",12,2558.79166666683
11,"Mon",13,2623.88257575752
11,"Mon",14,2333.74621212135
11,"Mon",15,2356.42803030299
11,"Mon",16,3104.92803030301
11,"Mon",17,3223.38257575757
11,"Mon",18,2870.70075757588
11,"Mon",19,2714.92803030302
11,"Mon",20,2047.83712121199
11,"Mon",21,637.200757575758
11,"Mon",22,-831.753787878813
11,"Mon",23,-2103.20833333332
11,"Mon",24,-3094.8446969697
11,"Tue",1,-4689.10515873013
11,"Tue",2,-4976.67658730163
11,"Tue",3,-4919.53373015873
11,"Tue",4,-4571.72420634923
11,"Tue",5,-3649.10515873006
11,"Tue",6,-1037.0575396824
11,"Tue",7,823.990079364849
11,"Tue",8,1819.41865079357
11,"Tue",9,2100.37103174616
11,"Tue",10,1985.89484126986
11,"Tue",11,2254.03769841266
11,"Tue",12,2349.18055555573
11,"Tue",13,2424.89484126983
11,"Tue",14,2131.18055555551
11,"Tue",15,2216.94246031733
11,"Tue",16,3000.89484126997
11,"Tue",17,3087.41865079356
11,"Tue",18,2682.46626984122
11,"Tue",19,2497.65674603177
11,"Tue",20,1803.990079365
11,"Tue",21,254.275793650796
11,"Tue",22,-1311.62896825399
11,"Tue",23,-2626.39087301587
11,"Tue",24,-3651.39087301588
11,"Wed",1,-4042.60912698411
11,"Wed",2,-4367.99007936508
11,"Wed",3,-4346.89484126983
11,"Wed",4,-4049.46626984127
11,"Wed",5,-3287.60912698404
11,"Wed",6,-988.656746031605
11,"Wed",7,707.057539682314
11,"Wed",8,1632.10515873007
11,"Wed",9,1880.24801587314
11,"Wed",10,1740.8670634921
11,"Wed",11,1980.91468253965
11,"Wed",12,2051.48611111128
11,"Wed",13,2137.58134920635
11,"Wed",14,1878.39087301584
11,"Wed",15,1952.05753968241
11,"Wed",16,2766.00992063505
11,"Wed",17,2875.81944444435
11,"Wed",18,2532.96230158724
11,"Wed",19,2355.24801587304
11,"Wed",20,1679.29563492057
11,"Wed",21,221.390873015864
11,"Wed",22,-1258.32341269844
11,"Wed",23,-2522.08531746032
11,"Wed",24,-3527.79960317461
11,"Thu",1,-4101.9772727273
11,"Thu",2,-4421.97727272724
11,"Thu",3,-4408.25000000009
11,"Thu",4,-4128.88636363629
11,"Thu",5,-3381.65909090907
11,"Thu",6,-1004.65909090908
11,"Thu",7,697.659090908983
11,"Thu",8,1645.15909090903
11,"Thu",9,1921.02272727299
11,"Thu",10,1815.06818181823
11,"Thu",11,2016.9772727274
11,"Thu",12,2103.88636363652
11,"Thu",13,2188.93181818177
11,"Thu",14,1913.70454545468
11,"Thu",15,1989.1136363636
11,"Thu",16,2816.84090909089
11,"Thu",17,2917.15909090908
11,"Thu",18,2531.52272727285
11,"Thu",19,2333.20454545454
11,"Thu",20,1643.88636363623
11,"Thu",21,237.795454545464
11,"Thu",22,-1261.02272727275
11,"Thu",23,-2528.29545454545
11,"Thu",24,-3535.20454545454
11,"Fri",1,-4158.64204545456
11,"Fri",2,-4462.23295454538
11,"Fri",3,-4422.9602272728
11,"Fri",4,-4121.55113636356
11,"Fri",5,-3308.86931818182
11,"Fri",6,-950.187499999995
11,"Fri",7,713.312499999883
11,"Fri",8,1666.63068181812
11,"Fri",9,1991.76704545482
11,"Fri",10,1942.17613636368
11,"Fri",11,2176.0397727274
11,"Fri",12,2246.08522727289
11,"Fri",13,2255.53977272721
11,"Fri",14,1949.67613636377
11,"Fri",15,2003.44886363633
11,"Fri",16,2808.31249999998
11,"Fri",17,2915.81249999998
11,"Fri",18,2486.40340909103
11,"Fri",19,2219.85795454546
11,"Fri",20,1493.94886363623
11,"Fri",21,86.1761363636313
11,"Fri",22,-1360.55113636365
11,"Fri",23,-2570.32386363635
11,"Fri",24,-3599.86931818182
11,"Sat",1,-2219.81944444443
11,"Sat",2,-2591.34325396829
11,"Sat",3,-2683.72420634911
11,"Sat",4,-2601.86706349212
11,"Sat",5,-2365.43849206342
11,"Sat",6,-1419.96230158718
11,"Sat",7,-531.009920635074
11,"Sat",8,698.418650793608
11,"Sat",9,1574.18055555564
11,"Sat",10,1904.27579365081
11,"Sat",11,2076.32341269838
11,"Sat",12,1940.89484126999
11,"Sat",13,1767.03769841269
11,"Sat",14,1214.8472222222
11,"Sat",15,1232.60912698403
11,"Sat",16,2135.99007936518
11,"Sat",17,2265.89484126976
11,"Sat",18,1925.08531746027
11,"Sat",19,1598.41865079367
11,"Sat",20,922.466269841218
11,"Sat",21,-156.914682539686
11,"Sat",22,-1197.72420634922
11,"Sat",23,-2280.86706349207
11,"Sat",24,-3207.77182539683
12,"Sun",1,-2200.13949275364
12,"Sun",2,-2613.35688405789
12,"Sun",3,-2780.70471014483
12,"Sun",4,-2745.96557971016
12,"Sun",5,-2569.70471014485
12,"Sun",6,-2028.70471014502
12,"Sun",7,-1662.44384057967
12,"Sun",8,-928.226449275366
12,"Sun",9,156.33876811591
12,"Sun",10,855.425724637691
12,"Sun",11,1138.59963768119
12,"Sun",12,1270.29528985508
12,"Sun",13,1449.07789855087
12,"Sun",14,1290.16485507249
12,"Sun",15,1442.03442028992
12,"Sun",16,2336.25181159419
12,"Sun",17,2376.59963768109
12,"Sun",18,2334.99094202898
12,"Sun",19,2282.64311594198
12,"Sun",20,1803.03442028983
12,"Sun",21,977.903985507266
12,"Sun",22,240.208333333363
12,"Sun",23,-778.70471014493
12,"Sun",24,-1645.61775362318
12,"Mon",1,-5199.19507575759
12,"Mon",2,-5441.74053030298
12,"Mon",3,-5434.64962121224
12,"Mon",4,-5087.46780303027
12,"Mon",5,-4104.46780303029
12,"Mon",6,-1402.19507575756
12,"Mon",7,521.577651515036
12,"Mon",8,1620.2594696969
12,"Mon",9,2269.35037878814
12,"Mon",10,2372.39583333338
12,"Mon",11,2635.16856060618
12,"Mon",12,2711.44128787896
12,"Mon",13,2804.168560606
12,"Mon",14,2426.12310606076
12,"Mon",15,2517.66856060602
12,"Mon",16,3209.66856060604
12,"Mon",17,2984.66856060606
12,"Mon",18,2591.03219696982
12,"Mon",19,2352.16856060606
12,"Mon",20,1721.57765151502
12,"Mon",21,404.850378787871
12,"Mon",22,-949.513257575785
12,"Mon",23,-2238.87689393938
12,"Mon",24,-3284.01325757576
12,"Tue",1,-4024.58143939395
12,"Tue",2,-4369.71780303024
12,"Tue",3,-4394.35416666674
12,"Tue",4,-4104.12689393932
12,"Tue",5,-3361.39962121212
12,"Tue",6,-1080.12689393938
12,"Tue",7,648.464015151413
12,"Tue",8,1495.73674242419
12,"Tue",9,1984.00946969723
12,"Tue",10,2033.05492424247
12,"Tue",11,2246.100378788
12,"Tue",12,2291.6458333335
12,"Tue",13,2371.3276515151
12,"Tue",14,2024.9185606062
12,"Tue",15,2135.82765151511
12,"Tue",16,2859.50946969695
12,"Tue",17,2627.87310606059
12,"Tue",18,2230.87310606072
12,"Tue",19,2016.73674242424
12,"Tue",20,1410.78219696957
12,"Tue",21,116.873106060609
12,"Tue",22,-1201.44507575759
12,"Tue",23,-2461.99053030302
12,"Tue",24,-3495.99053030302
12,"Wed",1,-4256.80681818184
12,"Wed",2,-4588.98863636358
12,"Wed",3,-4574.57954545463
12,"Wed",4,-4305.17045454536
12,"Wed",5,-3539.07954545455
12,"Wed",6,-1165.94318181818
12,"Wed",7,607.011363636242
12,"Wed",8,1488.69318181812
12,"Wed",9,2013.55681818209
12,"Wed",10,2067.78409090914
12,"Wed",11,2321.55681818194
12,"Wed",12,2367.01136363653
12,"Wed",13,2427.55681818176
12,"Wed",14,2084.32954545469
12,"Wed",15,2201.42045454541
12,"Wed",16,2933.87499999998
12,"Wed",17,2766.37499999999
12,"Wed",18,2405.05681818193
12,"Wed",19,2234.9659090909
12,"Wed",20,1613.3295454544
12,"Wed",21,245.693181818189
12,"Wed",22,-1186.67045454548
12,"Wed",23,-2544.89772727272
12,"Wed",24,-3616.07954545454
12,"Thu",1,-4115.35416666669
12,"Thu",2,-4476.21780303024
12,"Thu",3,-4482.17234848493
12,"Thu",4,-4225.35416666658
12,"Thu",5,-3490.26325757576
12,"Thu",6,-1205.94507575759
12,"Thu",7,564.691287878676
12,"Thu",8,1466.23674242419
12,"Thu",9,2004.78219696997
12,"Thu",10,2089.78219696975
12,"Thu",11,2356.64583333346
12,"Thu",12,2385.69128787896
12,"Thu",13,2506.50946969692
12,"Thu",14,2194.60037878803
12,"Thu",15,2307.87310606056
12,"Thu",16,2949.0549242424
12,"Thu",17,2704.14583333333
12,"Thu",18,2301.28219696982
12,"Thu",19,2065.73674242425
12,"Thu",20,1421.6458333332
12,"Thu",21,107.554924242424
12,"Thu",22,-1261.76325757579
12,"Thu",23,-2553.89962121211
12,"Thu",24,-3615.26325757575
12,"Fri",1,-3720.64962121214
12,"Fri",2,-4074.3314393939
12,"Fri",3,-4097.19507575767
12,"Fri",4,-3840.19507575747
12,"Fri",5,-3139.19507575754
12,"Fri",6,-949.013257575773
12,"Fri",7,665.441287878682
12,"Fri",8,1460.98674242419
12,"Fri",9,1941.89583333359
12,"Fri",10,1995.53219696974
12,"Fri",11,2190.66856060618
12,"Fri",12,2175.66856060623
12,"Fri",13,2241.30492424237
12,"Fri",14,1908.03219696984
12,"Fri",15,2056.35037878783
12,"Fri",16,2742.12310606058
12,"Fri",17,2495.62310606062
12,"Fri",18,2065.35037878799
12,"Fri",19,1800.80492424242
12,"Fri",20,1183.75946969685
12,"Fri",21,-4.87689393940775
12,"Fri",22,-1236.92234848487
12,"Fri",23,-2411.10416666666
12,"Fri",24,-3450.0587121212
12,"Sat",1,-2392.59280303032
12,"Sat",2,-2797.68371212118
12,"Sat",3,-2931.00189393942
12,"Sat",4,-2827.32007575749
12,"Sat",5,-2590.27462121212
12,"Sat",6,-1591.59280303028
12,"Sat",7,-736.956439394026
12,"Sat",8,277.089015151453
12,"Sat",9,1316.9071969699
12,"Sat",10,1813.86174242429
12,"Sat",11,2035.45265151526
12,"Sat",12,1962.08901515166
12,"Sat",13,1887.81628787874
12,"Sat",14,1463.04356060618
12,"Sat",15,1624.45265151512
12,"Sat",16,2408.95265151514
12,"Sat",17,2258.81628787879
12,"Sat",18,1984.4071969698
12,"Sat",19,1722.86174242424
12,"Sat",20,1139.13446969686
12,"Sat",21,100.589015151508
12,"Sat",22,-910.592803030319
12,"Sat",23,-2080.77462121212
12,"Sat",24,-3136.68371212121
