"X1","X2","X3","X4","X5","X6","X7","X8","X9","X10","X11","X12","X13","X14","X15","X16","X17","X18","X19","X20","X21","X22","X23","X24","X25","X26","X27","X28","X29","X30","X31","X32","X33","X34","X35","X36","X37","X38","X39","X40","X41","X42","X43","X44","X45","X46","X47","X48","X49","X50","X51"
-1.16074402059389,-2.61184194340137,-3.86535291658102,-2.04919729197932,1.23225470916734,3.27041395127783,3.57456334247899,3.14136670942342,2.03143393561198,0.0946447376438788,3.49447323797543,4.76890344853575,1.15661856875282,-0.896714833336425,2.36848649587765,2.88022119156779,3.66316681140007,3.12503824085366,6.09525820112373,5.54341370697221,0.702123318928025,-1.88274907580577,-4.56816637926096,-4.53186581946638,-3.89252413201681,-7.36393028955714,-6.54618594664027,-7.20732030988779,-8.01948769566214,-5.44904922442344,-8.4932735106248,-6.17760818626735,-3.9891666926714,-7.12000780401291,-2.92475594323956,-1.7554413026369,3.86166738093421,3.4385456756446,0.285591078424527,3.7717081692267,3.28677838455799,5.5561095648979,8.52429733703851,8.02172362614069,8.18352521420584,5.83775353126105,2.74022383571737,4.33054644828802,3.85852613833877,0.696291579793286,-4.49037992460053
-1.56500298618748,0.158016386969726,-0.878704851709648,1.01240505364702,1.24792078649677,2.92557526576099,5.01745779252927,7.49645117262627,8.25605189452031,5.31463390586941,5.71268654949085,2.0275580854645,-1.6599210693392,-4.19591758719276,-0.708128862607001,-0.860716079069388,-2.16732940674408,-5.64112922182161,-5.49543194374702,-7.09629612717847,-9.97868142186192,-9.81959440493479,-7.36510225073125,-2.26309060328745,-2.51127062283658,-4.41480730419502,-2.66295421230862,-0.609811164575661,0.920082477332534,1.51313207729217,1.84379554070649,3.73582539001125,3.4180911598387,1.78661071924267,4.41133510840848,4.42140982985778,4.13025562971992,2.11778063863999,-0.299791508391912,1.28243260934644,-1.5723167671304,-0.750773555220507,1.77292795540967,2.50643253820109,1.93411457222314,0.791065573318557,2.09254945602377,4.14245048369071,3.03882370223152,0.0672264237113136,-0.156269443078626
-1.38330557882993,-2.96485939201299,-1.679980871268,-0.381305502428214,-0.197261079027211,0.936657736701455,2.81968252844695,3.33415240709975,2.15048833005599,0.440362017682485,2.62329810888151,1.37487670955749,-2.12497241849803,-3.17778718283436,0.830618728766922,-1.19275095026047,-2.28027039020804,-0.380399994429146,1.51398850949232,1.99872180580935,0.815587301137291,2.40022300124846,2.15754389156965,0.597442409340232,0.923291677926414,-0.871989983657545,0.708141636500913,-0.0120026179020993,2.43162549914289,7.03137132296779,2.22937951135695,1.17263736672051,2.81435395385301,0.945314585180314,0.81012896735735,-1.5003423441456,1.54215664778309,3.03055652875469,-1.68154853750889,-3.44903432271057,-5.40259289064939,-2.48215532209106,-4.89709061140958,-7.95925193054141,-5.92794129640083,-5.07407403696796,-4.03261871644445,-3.96415962044251,-4.49169699787669,-3.70647699652525,-0.0459973960596402
1.90963802602754,2.12025298029193,-0.731331423949848,0.242583075645904,0.751206907514651,1.64238231182166,0.931583055385478,1.7156898433753,2.41143139947421,-1.26223318692133,1.2169618450394,1.03036510722817,0.186749020796922,-2.25744427796308,-1.63093409059621,-1.67875192147433,-4.73584411153655,-8.99827876016586,-7.38782124309044,-8.21706005958749,-8.20683174163033,-6.67994261338364,-5.58399389361043,-4.29060089092721,-5.90182974573444,-3.64327079350129,-0.218567314479064,1.35039107727394,1.17317179987157,2.94674480856876,4.93379995218138,3.36360238159499,1.99719053722588,1.56960242213703,2.30516591815761,0.116050658126291,-0.0266480961054842,1.77673838491763,0.36760911775179,-3.6749328131843,-7.03413770222804,-7.0890049580004,-6.02459008037902,-9.3448843077627,-9.40012166619436,-5.42641987216218,-2.56847478567137,-0.689368794747736,-0.229442802172641,-2.26236556737229,-1.98229225409002
0.857888597965525,1.00642820081516,0.0538411914599955,-0.856701034505849,-0.631382122243294,-0.157063125587252,1.19042939940845,2.5818351390606,1.65830917367019,0.566896112479928,1.33135734098065,0.390137504864544,-0.535119097988387,1.79288446836539,5.76608544908738,4.92704313355702,1.159296683357,0.70412418239024,3.69256873154918,3.84597059819079,1.90692900921374,3.57264995110048,1.72682970587929,-0.383865556946413,-2.36325659425374,-4.22455928144786,-3.50355463324894,-5.11470002632078,-4.50443338583329,-3.88583030086,-3.98563181858439,-2.32052475095827,-3.89367531103134,-4.79524838126851,-1.15354946170439,-3.13036673700865,0.63193459216461,1.8976393271912,3.26526068510649,3.77937496416366,-0.0823192177031249,1.41982697984918,4.77582046556845,4.58196329969517,1.8073404480094,1.10488458930346,1.96047322358926,0.106264488764704,-5.185286001528,-6.7298049500708,-4.22422294833772
0.621238134911657,-1.2623337509864,-1.79908216676048,-1.72178582580379,-1.27049510642114,-1.18309792261942,0.110060696463638,1.25132313835823,-0.996626064609673,-5.50750363499501,-2.36686593169842,-1.37767641229678,-4.47006857487266,-3.66588150303758,2.15523394775181,3.16493823144723,-3.28140328737531,-1.73798297450635,2.32312983790103,3.41340077503089,0.48160389086635,-2.07209818649069,0.182714179768214,1.37631079854058,-1.61990220876101,-2.64969556128375,-1.0445889364346,-0.113072695216734,-0.587858249950745,-3.1015092498332,-2.3016270644487,0.983515836847588,0.968242516054689,-2.85197560642821,-2.23528112397044,0.657259439605854,4.08891453396779,3.22188659760702,3.68549282510509,2.93505925141388,1.56866686670395,-0.519711172083474,1.93524973326678,2.19649536312681,2.84589321971042,2.00336050633404,-0.151629319828845,-0.576979216537983,-2.56663636202955,-6.43417058421951,-5.84013716261221
-0.556051940038494,-0.887390702931509,-0.804016100316467,1.3890100984547,3.87363603532336,3.3264088210082,0.941834813833676,1.02523107440026,-0.35092762175501,-1.78182971645103,-1.84910862182298,-5.74978674499881,-8.94315031245228,-10.1023173784547,-4.6341136043691,-5.4572864965469,-8.24758544664983,-5.71105988474966,-3.5790775490963,-2.94427918630224,-3.96981884920829,-3.31458401284105,1.20419370860625,3.15649614494396,3.03023300556298,2.43192659918065,3.59302394469916,3.59315813315093,4.38333480574852,7.34465513122476,7.99113986051434,4.46227624025584,1.70707613486776,-3.6892362255399,-1.52599668561926,-3.10090490606537,-2.01964123140415,-3.32976186831631,-4.0435951689928,-4.47500239428377,-6.98401382567343,-4.66565917620329,-4.95390677221863,-9.89440448668556,-9.81649274401589,-7.60271234831019,-4.78710929349961,-1.16742059411201,1.24176412133728,4.09392808425481,3.54963182746017
-1.79719361164551,-0.863804472668769,-3.21521084708657,-2.67245486816517,-1.67635226709792,-0.322218971190198,1.23611453613139,1.75766333303094,1.30813931595725,-0.299542255651575,3.76508971406023,3.78051829695284,1.93142549421559,-1.60226683344586,2.07028483243618,3.86827397850558,1.07286482182328,-1.12762386002776,-3.49046495719787,-3.63384436756993,-3.20955624391093,-2.77839465114043,0.453107890022504,-0.307465250589065,-2.03690397732421,-3.9661623774494,-4.0507671308418,-2.61717219479366,0.679703685632459,1.67749319888675,2.79822119724394,1.83438395366279,4.59746912488072,5.03911870388896,7.61053923665881,5.31698897991786,7.22748808976777,6.49238450968722,1.35487756495677,-0.129740855553205,-0.676375194923308,2.40123053363975,4.26618757454314,3.11600085458873,-0.890578474909311,-2.49261627581358,-0.0462444938289697,0.69640480833992,-0.635276259061591,-5.92690358820686,-9.3982838908324
0.0379742920329684,-0.910432459130831,-2.166441461551,0.0208152563493538,2.03924200244406,1.76253483342564,-0.113545167340617,-0.195109525400912,-1.86957159671107,-7.12786485333986,-4.37978905932734,-5.24847789906088,-5.20262715817542,-7.08294430124242,-4.8422350213308,-3.12519929056424,-4.49764203242331,-1.57716094394594,2.49105782444802,1.22746594856201,1.67729786353279,-0.84098864037778,1.61395288918155,3.28253799776673,2.25269563479604,3.81792139753915,1.99846737448674,1.66954456901594,1.71758568054807,2.25984568837531,1.25574356429623,1.78963828208052,-1.0096085969677,-4.76064687100378,-6.22116995329191,-6.14598718434762,-2.52442463573646,-1.12480409344842,-2.43520941228745,-0.583265054915788,-2.91298212046553,-2.36196720307235,-0.853445830409855,-1.81559517197734,-1.19656199297603,-2.78158446641221,-0.157312043286929,3.15328178969512,5.16573080439361,5.77872369878101,3.56974287598298
-0.280227749540375,-1.46860188512793,-1.7138577121561,1.76553952821466,3.43704026261047,5.16608544713221,5.63666102951018,5.60307167453967,3.26996125743339,-0.179519487785162,2.42527431092772,0.601280308622574,-2.78721671054786,-4.54503948091914,-3.24986892111144,-5.43020726943862,-6.75424605051214,-3.86904610191005,-1.66044391877963,-2.67199209256191,-4.58762356119026,-2.2125810987675,-1.60202233267881,-2.40191903860022,-2.19859858359919,-0.50172481794959,-0.719873508442787,-0.801082405553578,2.00789523804166,5.65496524934691,5.52774197609256,4.92501469204009,2.86899593832904,0.409243531123126,-0.937168095483941,-2.47969680630713,1.68084690260113,4.48579819100276,4.6682351489703,2.24544690821759,-3.61444719848029,-0.561801261761575,0.550158797847791,-0.0196120278498233,-2.22983885935781,-5.84673480159168,-5.48134813177819,-7.14505853318311,-4.16763711001942,-3.75330226019476,-3.21721227704259
0.284987933202525,0.342377656000016,-0.814383448198489,2.639049918949,4.53520392209881,4.0911288447151,2.3548394288338,2.0015262117655,0.387110572657126,-1.20362258517005,0.313686872150004,-3.10403195574346,-5.28343753739975,-4.46148716474515,-2.93652590281959,-3.65504691250975,-3.19765783502921,-1.61084728471782,-0.160078193798819,-1.31846804984271,-1.21735388215329,-0.599745157873103,1.35710901237319,2.29701576233718,3.62001176835205,5.46099565548287,4.34451197158652,3.35128150062193,6.70533314644391,7.12535485388637,7.08345844723939,5.4105998004402,3.13270169290726,-1.90044408829142,-3.23748937919002,-5.4647267710795,-3.59901011595239,-2.27993231034291,-3.52669553086012,-7.09741140665144,-8.57742363653863,-4.55636964040923,-5.3245124257626,-8.73375612812669,-9.50245350618069,-7.1231890971401,-2.6204244513532,-0.537705928198544,1.6384216038879,4.3084969940585,7.35978400175294
-0.530200675510104,-1.30534022508494,-2.86105905572122,-1.26655642885549,-1.79413362674236,-1.45562056232492,-0.106008214362451,1.75750096174497,2.25689831191765,-1.48761296673189,1.28839554230238,1.13532172051205,-0.418494419679357,-1.317829693317,1.98267541340396,2.90836191556848,0.0828928409865881,-1.3466437196123,0.959059903043018,2.34455234151266,0.0978938603804207,-0.997644910496777,-1.59614074705952,-1.22584077219004,-4.41766769401154,-3.67406884727303,-2.20403439935684,-2.56084139756452,-0.34992614458251,1.49333252814369,3.63019419036669,0.0314392147312368,-3.17832699294195,-3.16853821483949,-1.6694987382761,-3.40522865401758,-1.02738192064317,2.01560150271601,1.81652156714321,-2.73946403562828,-6.17406511840832,-3.57930528099932,-3.25079222735126,-2.70861732974651,-3.60803157860026,-2.69921646340245,-1.79906317690412,-4.71084225354298,-1.73584169293038,-3.09170901378838,-1.84118983767744
0.75506590807355,2.50157100738084,1.66003698911121,-0.34934651664208,-2.0404428579335,-1.65239509107464,-1.62363883172883,-0.580014289186362,-1.50284825285317,-0.00211753579741301,1.99247371145662,-1.21712908572138,-3.85413184511565,-5.30976286750091,0.376143390488117,-1.17650660297039,-3.92548745520759,-1.44745170257069,1.00443900881189,0.0275993932470264,0.302769303642104,0.387369198117739,4.18886075772985,1.54188514647213,-0.441466472376599,-0.172418520132413,0.2811060025607,0.517706480141645,-0.342855762027774,1.9279837946171,2.07661164097414,1.54847890264222,-0.9749316170578,-3.73436484555166,-1.34712791582465,-2.94695276484147,-2.71497226454843,-2.0121890699453,-1.33936032406292,-0.146541389748283,-4.40850857784107,-2.40647179486726,-0.247451080637171,-1.3687352163572,-1.4543492812821,-0.912639575021889,5.23742035543907,8.25687492351899,1.56448506380929,0.106444137681674,0.469637449626624
2.31255492735195,3.49280539368667,1.00670876300396,0.91913270692356,1.28395275399564,1.61224477358806,1.88299140644929,3.28033573556942,2.84077801609695,-0.810622619413157,-0.375939613578922,-2.6977287448978,-4.47691362516696,-4.72639548566205,-1.1783005114283,-1.10858489281961,-4.41118865444031,-4.03829267490032,-1.57572151573194,-0.376247633910774,-0.60095157329929,-1.85413202312413,2.37205018892549,2.27249938212725,-1.25387399219658,-2.7243349599167,-2.72429456953379,-3.78346973177956,-4.61151337447504,-4.49230996596136,-1.24755281168848,2.09266244347837,-0.740368584757526,-2.18960273611523,-0.492499886565076,0.969504622522576,2.61679197455421,2.66867134930815,4.32405009522888,4.82710287118768,-0.670722924135445,-0.360677097215005,1.99682766769095,-0.13532274476399,-1.28534882161711,-1.68695063060992,-0.306207494455975,-1.23171791211975,-4.64368568058593,-5.1444955395216,-5.06822515528706
-0.43606041116693,-0.822129150033851,-2.21430511060886,0.763601607631477,4.57014665768336,4.46531892936265,3.00739541678902,0.382164342316426,-1.29699183257342,-2.47207406092731,-1.25429221518012,-2.62321271983515,-3.5497100945187,-5.53239008652421,-2.09297425981994,-1.51342039791302,-2.25836909676702,-1.49021186964018,-0.0975355744486794,-2.94175069461173,-4.61414552349601,-3.88751140287634,-1.22285756305395,-1.5370483459615,-1.41934671336474,-0.946460722988323,0.245634439195254,2.37193610359827,1.96755472859281,2.83117875524389,5.69292650048397,4.89375067365969,1.6040737498747,-0.179396852667377,2.56469097234264,4.42469149192596,5.08194154024953,5.43614999576708,2.59679818435876,-1.22787841056438,-5.27897586983745,-1.13172291878123,1.60989096177113,-2.6140500236327,-7.25687545115188,-3.83223872317886,-1.12797661761585,-1.17875403021614,0.604903326726636,3.25361153925954,3.97642268868715
0.474904598823991,-1.47317918786786,-2.83129537592243,-2.57288281623898,-0.484320621905468,-1.50198282924809,-3.05159087431715,-0.919126288280657,-0.512702438767964,-1.77397619685119,-1.30878553261036,-2.49524368250407,-1.34656657559273,-0.0809041624327627,2.64498073096258,5.53554087107632,2.26444042157109,-0.208917797323378,0.542146196381593,1.34482576328634,0.132661032251117,-1.55020332912697,1.83087965393002,2.20828780348766,-0.581059410564497,-1.98598356584028,-2.06750177184188,-2.73144201782298,-3.51120532501155,-3.01153720551302,-1.41957637181682,2.22319866676591,0.746098117650867,-0.161103838306184,3.36167629111392,2.41712653257546,3.03114705449032,5.11651934275702,2.10147241303345,-4.00204353903687,-6.503862971263,-3.79376103767316,-0.877835814754858,-1.80388173477968,-0.232822951549558,0.934459423659518,1.81355757083191,0.659113898481402,-0.852350503287524,-1.37042073061667,-0.317146447178352
1.73266175769445,0.836929782365657,-0.336228629570758,2.1973901961472,2.64645830857445,1.50938235279253,2.52452825354856,4.73366826227377,2.42296049734272,-0.520022782339562,2.88528274821182,3.78065170370489,-1.75321346758816,-4.28948409173981,-0.77901430861488,3.68929156412852,2.11270001456827,-0.103417172257624,2.63826813283049,3.43842153045696,-1.12750503423885,-2.19561211642433,2.44831864206303,3.27463831536168,0.362656510498923,-2.17189454444674,-1.88742533647393,-3.16565711599924,-3.46346905282351,-6.40683179070235,-4.32764903184773,-4.1201591902663,-4.5079885374774,-6.68226595386618,-2.71769854236584,-2.34308692621857,-0.733140216879809,-0.746972236829155,1.2202868904932,-0.156966394823883,-2.16493385155396,-0.632839442405311,1.53757711879817,2.12219887762312,-0.527791245681617,0.992357885257191,1.31453763655331,1.25345804864054,1.04844784852144,-2.02290249898539,-3.88568050737633
1.21590254920221,2.81246203162362,0.915207029536947,0.577930582945089,1.21132469538011,2.21562873199946,3.3539590720136,4.26445393955409,2.94121987208205,0.194602513423628,1.43894041926609,-0.689337725256923,-3.89828998235652,-4.72994400538454,-1.75036743194067,-5.97640869669651,-7.93182187800056,-9.39881777743888,-7.56180041512983,-6.28479608149543,-6.23184944469831,-3.51475367022418,-3.11402235803013,-1.6870430165823,-0.974585596445869,-0.796735370433738,1.64675225809511,4.32249702548236,7.40807405604618,10.6494942852586,8.2704486193462,8.47720433182215,8.40633641161834,3.52038583003328,2.65234920922188,0.267757099033824,2.29041824829205,2.30627028306605,0.0463668520589984,-4.36042476413143,-10.0878947221604,-8.23358747092203,-7.75550377063393,-7.93214693648407,-8.47854750852277,-5.00867300113901,-4.09176885036353,-4.21955814224992,-1.11359540288992,1.5161363030451,3.05011886092255
-0.704679072528055,-2.34094711020427,-1.59912524616845,-1.74891372823247,-1.53548303484656,-2.76291616855394,1.62231249472334,1.474211514308,1.71986283902103,-0.592269351771981,2.56885597672567,2.62313012678816,1.48467168099387,2.08265337333354,6.82323380537274,7.43605838372928,2.51660511229552,2.24206774570671,0.784621336299212,-0.161971254588053,-2.09867089493078,-1.94912997642501,-3.78590948505694,-6.19539623662055,-11.6909787393171,-14.5883093671465,-13.7673650604755,-13.1055790363706,-13.4740805271312,-10.5880187553192,-7.20566665394256,-1.55925642698054,0.479774178282421,2.37172074445837,5.61798853074655,6.43694001487452,8.93230569628904,10.1399641103792,11.6250161448567,9.21397543476301,4.94624891528887,4.62757221692995,6.41110422295949,0.655466079066519,-2.37746674272502,-2.51108082458455,-3.74329290008101,-7.36409532516261,-9.95653357444291,-10.622608690445,-10.4181364895858
-0.254521427556179,-0.345884367774048,-1.23929872973161,-1.34983438416377,-2.56005359419833,-1.02929728151373,1.2417337220918,3.28733862146602,2.62959579907337,-0.886658394027387,1.99478174112085,5.10788483117095,4.36997914341401,3.1735170737108,8.07813944170542,6.90337621914253,4.84538528747916,4.11840820117381,5.5325532488195,4.24451898361807,-0.162245790257707,-2.1597207950512,-3.35810283469993,-5.93287275033458,-8.14638953611857,-10.5866541424432,-9.24018974708372,-8.04040767964235,-9.76250493446364,-6.64017551770609,-4.31491924569004,-3.71796048089322,-0.00751315622362657,1.13214958225775,4.58500521287573,7.31294289636755,11.3630781721514,11.2693690031897,10.6417485613471,10.6392863642499,10.02284073423,8.10118693995511,8.38883383293066,6.89545947568578,3.36250510076686,0.167152585982539,-2.20728644398201,-4.14445415562737,-6.56006953468953,-10.5153741020662,-13.6084652552108
0.438831199596501,1.01111223824547,-0.223437590278078,1.61032794892357,0.620474832078144,2.09235950531713,3.98439092580625,3.82882828153384,3.0132152180469,2.39156470419132,3.40985638053877,1.92100668690509,-2.16737947800458,-3.78432714227441,-1.96715524500141,-1.24983139572346,-4.1962612946929,-5.58047218533748,-3.59705945786891,-1.92268796210444,-3.73896174540995,-4.18457695983207,-1.73380671073879,-1.14063995542178,0.966628261475351,-0.351997735058269,-0.347776610986271,1.3338559393707,3.07361046788042,4.32915089288416,4.54493796715358,4.60965957158186,4.03084482547605,-0.179805546789396,0.442865707414466,-1.35746421305742,-0.402981612677474,0.311387925869475,-0.599067591912195,-0.617786359134104,-1.94624624719733,-1.48444305459368,-1.4505156458748,0.0981608846426028,-1.71772043466913,-1.19234758872772,0.637960164583192,-1.59777167970827,-4.16311791695575,-5.33017132096498,-3.44728265937269
-1.69725653701331,-2.19927763025344,-1.46610741890151,0.602716255796315,0.878784166106052,0.813570483014467,1.01559845507088,1.46516417187569,0.997769647611968,-0.869704354948046,2.11084434042815,2.1357380039588,0.699017271175062,-0.740925291607443,1.11757884907247,-1.71613649513392,-4.3876716650295,-5.12087178921351,-3.77952015677213,-3.56792276580066,-4.49383195074649,-6.00461766924948,-5.35195587834476,-1.88932795287469,-1.98090094000887,-1.1173784256084,-1.25489524431429,-0.3176078049798,1.98228437990711,3.08590556341141,3.04144741925132,5.28572492402824,3.35427801139731,1.27250435228256,1.45067785541421,-0.886905345708149,1.43882301658246,0.103504097403693,0.409907710572028,-0.744363267429971,-4.06813811075833,-2.38505854492733,-3.58351358250735,-4.8632785082056,-6.79572025924151,-6.66875408555469,-4.35765504597969,-4.30585427463035,-4.42007550476574,-5.82706200883448,-4.40157098621909
-1.99061933830972,-1.38375662152367,2.39726619167386,4.76787763110658,4.05127058559855,0.453760738686459,0.629264422823445,0.721850710482536,-0.468000919196448,-5.70387055334366,-4.07678335556789,-4.48588324307356,-8.34293564621944,-10.7571468365786,-5.81156959484356,-2.6220278390769,-3.71046845074241,-3.76298218741501,-2.69053607202345,-0.980138728684075,-0.836314745300156,1.13390079083068,2.17561204714887,2.54278756914321,2.56263967706489,1.39182442380968,1.89379367860697,2.30422110625878,4.81218981299966,5.03558729445969,3.70542845930041,1.99071487680437,-0.384806791112603,-5.71099581485962,-7.04870199114551,-4.29434014502077,-0.576653092483705,-1.05132213629944,-3.3561563393239,-1.86679831766065,-2.93254730540197,-1.8544387970981,-1.81322960550945,-0.956981519363817,-1.12237233808123,-0.293338925881075,4.33800007515979,7.19346131891995,8.52614353524995,7.77810133347553,7.5210413817333
-0.603418320710458,0.0364677493544716,0.967488118911038,0.26406189605249,-1.99356482290303,-3.71838675920562,-1.53863039956328,0.775660671737847,0.0672330142458566,-1.92459481848561,-0.270451600194797,-0.658300955715891,-4.77614369422638,-7.11285585869141,-1.05790564012073,-0.482972677676486,-2.59023329735583,-0.929973836714558,0.665816193360811,1.42004322655595,-1.36133036415393,-1.2890208061539,-0.595687213456439,-2.46255153216573,-4.54751749828434,-5.12548810878053,-3.80319968624409,-1.38727287470571,-1.14569967323007,1.62589115473755,3.59685086162013,2.1283991409008,1.4624882591422,0.938402452624953,5.22756131288883,4.18162386271927,4.1950649630924,5.67170062893498,6.3898576491734,7.43345427363236,1.80808211681522,2.27736664496893,2.71002852875175,-0.862805429032955,-4.04088960685938,-3.52416614888983,-3.2218228029951,-3.97479909908882,-7.20832703113598,-8.8431078509253,-8.66647143743251
0.493505588242056,1.16781841536845,0.660982817105276,0.8267149462971,2.01793969186618,1.39498594577289,-0.734273408449063,-0.410230278331239,-1.15611907178251,-1.53914929729306,-1.3215322051083,-1.29214184153622,0.0214915703738132,-1.17067487304828,0.11598653759372,0.233953196199707,-2.14039014297593,-1.63423685743796,-0.926643922882372,0.508333073577242,3.13444420702401,2.72104783725591,4.19843292905065,1.64452727258231,-0.258087062672612,-1.55970203690594,-3.70956020904678,-2.34884851498968,-1.46117774234752,-1.2500414527137,1.21856985041127,0.93886775053464,-0.672873276826782,-0.919131026721514,-1.0258195388122,-4.80434788791928,-5.22457919043536,-5.65783639243284,-6.15960972655152,-5.55860944446468,-5.49353595599321,-5.67204994716412,-1.08366314378176,1.52084389218422,2.60702776037529,4.43568032350601,5.45183107446292,7.91551789689602,7.4826526775198,5.47718998570396,4.747630408968
0.787513739792192,-0.835515802874613,-2.33861766614661,-0.551250880621485,-1.97132210775558,-2.02348898247681,-0.563861278367396,-0.00184283177114718,-2.63873818386833,-8.69174714478904,-5.11859078586011,-6.00445398057708,-7.16169817935408,-7.63085369614371,-3.5719594612722,-0.918292996982618,-2.93758080611089,-3.90069694284959,-1.58324914824298,0.710807912628825,1.16997691440387,2.76206679652269,4.857689036379,4.59061734353274,2.08983339349113,1.29033603774513,-0.42884715498592,1.00860952164512,2.4914530271681,2.41150320187358,-0.891461537067477,-4.00313829954933,-5.34813893165539,-8.64840084227433,-7.06571190436012,-6.5858653192248,-5.69161405877068,-5.52771410998222,-7.62553293267769,-7.64987197326809,-6.56393299676616,-1.68045270164651,2.90420142619854,4.69381410831225,4.29561632450845,5.84289445038989,9.07917016350809,8.49042401834696,6.38606478579977,2.9968730112122,1.99937903624019
-0.488811628662315,-0.169501409918009,-0.0673361963566752,0.174801637196984,0.799326115749015,1.52199834177918,1.53510780553245,3.09628155279662,1.28460073177314,1.8819433669229,4.83922856094033,2.8357666726293,-0.382587855526557,-4.03029046928846,-0.201769353348027,-0.197942441149554,-3.22277791924923,-3.01750291221785,-3.25903625413263,-3.38371379930206,-3.71847819081523,-4.40745770345095,-2.82797691358963,-3.4650896020603,-4.25935375666804,-1.85753329662785,0.55538788395513,2.09104185860913,3.75499702262636,8.21374411047183,9.07315675130585,7.88085057174576,10.2092870461235,8.54451785790523,6.25459419984888,1.30520504574277,0.143607638918718,-2.61473263557359,-5.4322761951424,-8.12622370053756,-11.1294761007355,-9.22413011421787,-8.72206029809905,-10.7967523915998,-9.4011021782862,-7.19203578657455,-6.47506239182843,-4.40418199976876,-2.60036869405155,0.283228949183459,3.80100612155399
1.66262011821546,1.15761343650475,-0.0488497102341763,3.67273872604563,3.63274744111531,5.24557200635787,6.7777311804285,6.78683367774612,5.1389257935481,2.83631354853661,3.0771041932917,3.4735009023954,0.540763387304068,-1.50086411860823,0.854845720200363,-0.898409298275922,-5.66411394672965,-8.33950709463092,-8.40243357229159,-9.04024108303333,-12.1220373201692,-11.9189701196958,-8.68854923991568,-8.41023085424572,-6.44634138616103,-5.00351349503942,-1.74763211992512,1.16535826847974,1.12887961509236,3.5684834652304,5.96219846880909,6.14030502740834,4.56874269950728,3.04964296491619,8.32489052702521,7.32695561841768,7.43388753614433,5.75289642262488,2.53816022948503,-0.958656674517851,-6.95744081801381,-6.06088074777074,-4.98432435153072,-5.70741982218365,-5.26538630000667,-5.09356319970343,-3.25438452268562,-4.47958017556267,-5.23324149165874,-4.87734046274086,-4.19097488240963
-0.0907396035459265,0.989877091631951,0.228510053129828,1.74996774113321,0.626986803983143,1.96571499386122,1.32118196852083,0.453418518627352,-1.49338048368779,-3.0664364277434,-0.881466502602797,-4.02199249637066,-6.79655342859191,-5.4621830138974,-0.899583080902097,-0.643153811492024,-4.38985451407061,-2.87104176196322,-0.210496761013284,-0.148394002166381,2.27949492075338,3.90733588009744,3.01753463842663,0.343149166455545,-2.5859280093144,-2.89097819133321,-1.652652721128,-2.28443097938519,0.323869576792304,0.144728970732179,-0.94505294941945,-0.35456211370571,-1.20342941689905,-1.05050748252878,1.30436622025453,-2.57995285617448,-0.491285091036202,-1.46822201452663,-2.74763896683172,-0.724567260695718,-1.155880054684,1.44435711365601,1.15411612012071,-1.12141477520926,-2.85257577819754,-5.61655238871131,-3.59732460875132,0.243415680175642,2.5515976342794,4.05716174881575,1.57920294662917
0.483254085695771,-1.22987126136598,0.168857577644041,1.19722473676788,2.20482013266352,3.72808532902023,3.35567362080543,0.761247231064851,-1.83333307406093,-4.33579875920995,-0.0503553456596508,-0.843280780572535,-5.96411702637397,-9.89848011752417,-6.28542160704324,-4.67666059955295,-6.90555554422593,-5.19885271145165,-2.69349597763413,-3.75597474132266,-5.80881892905877,-4.81987460902198,-0.143311577774729,3.50482012942911,0.215477443289357,-0.797261911110158,2.63062980713717,7.48450192679185,4.96891375056474,4.931629970828,5.4311273883652,4.09093175304665,0.43467959039662,-1.62907584503605,1.6272540328173,4.52604784357412,5.36430762663097,2.49097217389301,0.350571889446858,-4.81832137409868,-6.88097751955019,-3.91558684175248,-2.20712776895293,-4.82607509236838,-9.07113114581674,-9.08653088520531,-5.86097667980186,-4.65134434280948,-1.87853459248927,-1.1776366632656,-1.62206527615912
-1.20792125130756,-2.33765110517765,-2.0885018215724,-0.108701306567966,0.494950171334283,1.70916116453443,1.97034038212646,2.55950193067779,-0.351212382712066,-2.15986572220678,4.39984680260465,4.1605198841275,1.82680335506912,0.086274517717122,2.56496479804211,2.38009913236298,0.339792029457424,0.275175969062998,1.10227888589076,-0.307566912393554,-3.70021744619148,-4.37779036295458,-2.23864862128638,-1.13965538107859,-0.999523310235568,0.409356414915375,-2.48227078575363,-4.20126924890234,-4.05960844992482,-2.01206576891571,0.929315581739289,0.546366259699714,-0.786489287921467,-3.31213345469162,-1.79618154914433,0.115972548588802,3.89429156131034,4.67085767225288,4.86166730852907,0.497501690555364,-1.5407295176139,1.9455037829679,3.68433079800258,4.37765439535184,0.966783711368693,-1.59910957978861,1.73051982227229,1.23134707884144,0.750236968287858,0.359725132307761,-1.10272069745408
1.23758297832395,-0.15467822340584,-0.780544834131424,-0.212757617413991,0.960022856787359,2.33033938607434,3.19029878317955,3.5208746292319,2.30073723484268,-0.551513811286976,1.65294278616264,0.297369306622567,-0.804698203441131,-1.16017286775892,0.5584640733491,-1.11803476886444,-3.79868340446231,-2.30181886197103,-1.04253892291968,-1.78570272830489,-3.66077251541717,-2.25685366896501,-0.48392132751433,-0.720408649842829,-0.831133850470244,1.84571904807077,1.75657128961031,3.13283909866829,5.51272098675921,6.05747638135293,4.44614663119734,4.24655094141693,2.74418438559538,0.0529743664650855,-1.41619354205,-6.17874767657813,-8.11623041276132,-9.91968435738447,-9.21006192543078,-8.93633659699616,-10.9428164849759,-10.2695344755051,-7.62193278001505,-4.35638207807208,-4.84709643356021,-3.44382772158972,0.0968060463944214,2.46775663840378,3.44761187103073,4.93365998930877,9.06002838630323
0.174954506881446,-0.53993753317592,-0.529492698419714,4.11622839308503,4.67446770024569,1.83141716599439,-2.12350271542932,-1.53185255838795,-0.867124122840266,-4.05405750495719,-2.73259995999185,-4.52541756425076,-3.58508131252007,-3.35663892879452,0.449802933451402,3.27957137063613,4.05841694832157,3.24511452720853,4.87554830548524,6.28441098087755,4.3546368651623,3.60297645258498,4.21638280709604,5.41024121325411,4.25526862464155,2.39909543290087,-0.795506194317249,-2.48295201548769,-0.857114568428136,-2.5627534976699,-4.0643992430918,-3.78394397717081,-5.95048666742563,-8.49405159228572,-4.09274379727615,-3.01948956426378,-0.803581403855292,-1.20740051111241,-0.109728492039395,4.66778036807919,3.29918494114993,5.44863252892344,4.25489339699247,3.03451281591715,0.706909967599944,1.14983737735087,5.40265452160628,4.67899837880428,0.406516345251268,-1.55559041851458,-0.340478022356859
-1.56993901748642,-1.1625165297532,-2.61658785982228,-1.1302905184284,0.658726798296059,0.68829606206422,-0.167477555979221,1.95205352946562,1.61659156568633,2.15466153175586,2.98737471767605,1.45887112736425,-0.433198190828399,-3.22146769522579,-1.284768036159,-2.22926391178205,-2.4610407939746,-3.70665819623388,-4.34010974401421,-3.77525620509786,-5.0289945199815,-5.30441695782238,-3.20062521699213,-2.3082134048309,-5.30985598085349,-6.9430696990908,-7.07594086994323,-5.75931627036352,-2.59729184725519,0.800928942426466,5.56387003643227,8.09383110185151,5.40696889165084,2.89147876865978,7.21391271149751,7.78885778649733,8.07389680739015,3.94208427701972,2.11616018104137,-2.33462089660748,-3.31367333640567,-2.13405978092032,-1.70544488131511,-3.2289507321945,-9.49271424515323,-13.1307028271731,-12.5888537504664,-12.5863286849018,-11.4339054995865,-12.9010764785467,-11.3665548750624
1.10329046214794,-0.158114550391873,-1.33140742216596,-2.61087443616684,-3.09584961515617,-2.13455343930648,-0.731052815742487,-0.0455177194193885,0.200434851549325,-0.864712367723519,3.29256546024966,3.31575817041435,3.50048508818919,5.0011965586911,6.48893613879587,4.77029284489555,0.219152673031093,-1.43509560354428,-0.32237785226763,-0.32726686540707,-2.88339080379281,-4.62529026886854,-4.83287503284021,-4.52038108157516,-4.84246304724723,-4.22806848233109,-5.14158426006634,-4.26299020215992,-3.23516776552975,-2.54354771918331,0.017224728058429,4.15903361394502,7.83626037510374,9.16762971952996,13.1544392881182,11.6968666662216,11.1812572438868,9.56881562589687,7.45017309117645,2.40070032983525,-0.259066017663178,0.539049379667686,0.0209519960598072,-1.71734690601992,-5.5779093420958,-4.00798378928828,-5.36791838799458,-9.84966995425429,-11.5337059048153,-11.7734111986278,-11.8131341134561
-0.365846120188798,-0.755358018148417,-3.53509164884832,-4.21385858919819,-1.88466991278735,0.586712241986141,0.0962162675924547,1.88155411515148,2.47608278629917,1.71664676973428,5.01391261723705,4.29361144426814,4.16363504012545,3.51394813908832,6.60304236981482,4.05193654556627,-0.366279066316331,-0.0320594009871709,0.395791377422372,-2.57961175732103,-6.14072460956185,-6.14487957415473,-6.02470545283907,-6.41200731538379,-8.72694346082248,-8.90036931001172,-7.45113573012648,-6.21276449214442,-2.91281827196049,2.15652929168558,4.97111568199487,5.95989918416797,6.00227401428382,7.04065779851545,11.3127620011092,10.1131499903639,10.5141185388877,8.85787212657867,6.62162516364049,6.3103887479805,2.41894650097651,1.14777503826972,0.202141779163588,-1.99160183591816,-7.06885815302071,-8.38579282651075,-9.74639887168189,-10.9678788387561,-10.5508802812745,-11.2224436124645,-10.9193931065163
0.100688558592592,0.824927623287194,-0.368319075156389,-2.86192469835271,-4.43355870665822,-3.65763245974448,-4.88584207710642,-5.40183422925954,-5.78502154817069,-3.84968075084071,0.887431027672905,-1.61700124936148,-3.43729404280244,-4.08258877932338,-1.03113212445035,0.777192221882199,-0.926364618491295,1.87030833784326,2.4954894527809,1.29726695916164,2.18719744895152,1.48996573382446,1.74180886496321,1.10316238210025,-0.641189547795807,-3.7669674304106,-4.84388096756236,-3.41702971508245,-3.35901272869235,-4.91111598893933,-3.01588229461486,-2.40905261903303,-3.8955221667903,-4.16060315320337,-2.6339791524386,-0.62758273362128,4.15874518968084,5.6152282322475,3.22741355558406,4.07969445100025,1.76791312201935,3.77505121798987,5.65291057579043,5.17835761670161,3.90016050248349,2.9906714721903,2.33503007598547,0.674197371152549,-0.442098793552546,-0.654281859323227,-6.11725858410949
-0.255354171012297,-0.714832292921473,-0.48821398294481,0.664393911482084,1.78693229140347,-0.633282837143328,-0.327287041137063,3.20012085874979,2.86905825339202,-1.55243929517827,-3.41968088095998,-6.04622327300794,-7.3592254965662,-10.5206373093124,-7.56018148077028,-5.91643947784964,-7.92775462900127,-9.09253388304668,-7.30832661368525,-3.46956177609654,-4.26541978590374,-4.68142995013132,1.58166548286978,3.67865670617965,5.4765483096932,6.93864292746449,8.03143921733138,7.8827556667791,7.84606337134575,7.46035904284658,3.88138301430704,2.04240080544867,-1.15374992218597,-5.78593800516819,-5.79164104431499,-9.12376992964618,-10.258956216575,-9.41527383879124,-10.5518299733974,-9.5606173302304,-7.88904168314868,-5.43207901353093,-3.2617134915811,-0.727306203063041,5.78031726583794,7.57366757059979,10.5292627020952,12.2909417955201,10.9857847530588,10.7643807559938,10.5338288495516
1.4711138603336,-1.29540889303818,-3.85738577583603,-1.97693216439863,-3.47618640225441,-1.87430870945583,-0.75783001987766,2.48684853886213,3.30674584681121,3.02519262571729,3.19893259586369,1.32863540385819,-1.60902189750268,-1.42622420576875,2.28424113409449,3.97922997717425,1.01881563878818,2.19745148839567,4.69927554605283,4.87916688275704,1.85407906825226,1.74905494074745,1.38582995752846,-2.02178128023762,-5.49711253079365,-6.48386487324081,-6.44960734046925,-7.37791925433974,-7.46412302797629,-10.0963411321893,-8.83679589885246,-9.85342087421069,-8.89458444600198,-9.35997378954661,-3.16426363390238,-4.30414836830046,0.493176624124734,1.6864224783224,4.96411953578193,6.93027081584089,7.78619763685878,11.6284474373361,12.0790803660853,10.4861754539687,7.63177941299794,6.75968136367869,5.49501357238359,1.80571552653812,-5.63439818326426,-11.8571131631601,-14.3950497581271
-0.444947478439749,-0.849870681787486,-1.59110016712012,0.102508833188273,3.98422148878614,3.12856137610058,2.91141444151289,1.73598544494129,-0.265132957586085,-2.35137711197942,-1.5393850885721,-3.73492571347221,-5.76885880193589,-5.85214967676563,-0.332611435773657,2.24219066909286,-0.531811583246608,-1.41485453000373,1.20233282543616,2.66036200654613,-1.23675366690946,-4.42234792087857,-3.25888724830243,-4.33466109253028,-6.60018857890006,-9.03503035964787,-6.95600989068514,-5.46333906462661,-3.98401186839206,-4.06876783648986,-3.94956012645701,-1.74002469638962,-1.45081293082726,-1.11827934082168,2.43789006325272,4.47340215389444,7.12402741796043,8.32824774045458,7.13771807397397,10.5977765105338,11.1722865069732,10.5815880119342,10.7235500281498,7.73792336319652,3.63184452955302,-0.144897086747558,-1.60708416913002,-2.49402357068596,-3.89399862196088,-5.28783151134378,-5.40786664934889
0.263767835998815,-1.20855813672775,-0.378156508061771,-0.102694391052374,0.766734012437671,0.171527687127735,-2.39775249386178,-1.16082137047145,-1.73485602487455,-2.08970483978665,1.11291144589121,1.4738476916629,0.885965352897907,2.37439024413664,5.86206378574235,7.8751307840386,4.4853871850227,3.54302578298197,2.93786584417622,0.832524622619444,-2.41630938854439,-5.38785192664988,-4.1610966107147,-2.24521636241905,-1.50680690644749,-3.36738937717464,-2.52535422080418,-5.17355723551133,-4.35705218318212,-3.35721310224608,-1.0819163545123,0.564347010525885,0.170011352459039,-1.26429551484915,2.89754038799002,4.16300964984283,7.5084085447384,6.3150163086344,4.72412011111053,4.21745752230845,-0.304876672477659,-0.28450145525033,-1.60230856618431,0.693389081838268,-0.090669972140756,0.210371117074939,2.11557980617788,0.968839787154167,-0.324795308957775,-3.58386790146019,-3.58457620332219
0.745992679237958,0.454583016954392,-4.04438174387252,-5.47968178696988,-4.61433055911809,-0.226356341057341,-0.427432621810906,-1.23481600672641,0.270409531483119,0.182596383352819,2.68370516798168,0.515203779494684,-1.37451477425166,-0.945295508444847,-1.65951103276962,-2.5303074231904,-1.179968458117,0.991802770754829,5.86197080523476,3.6740368286235,2.52996600888152,1.98841535782129,-0.180439128824603,-0.249923028834398,-1.72038455064506,-2.04727244398539,-2.41885055332479,-4.697875167824,-6.86577881915981,-5.46300993662737,-3.34183195164305,-0.848177236950231,-2.87963296878577,-4.535410924447,-5.03349893915451,-5.36499475472865,-1.17050677994067,2.20548770718737,1.44314539285378,-0.111638972700412,-3.71768005187176,-3.40760693416911,1.25902084765035,1.69280723024934,0.218671155753519,-0.498136515144666,-0.224868313565853,0.9872236404473,1.65879173211508,-2.18662255322723,-2.63781797329545
0.328504815398315,1.04713582203509,0.142868769617359,0.520696829544492,-0.893838124189883,0.890412455529847,2.89797555055266,4.6588349294994,2.37504166735512,0.0964706793236878,0.277867644431335,-3.09872923120402,-6.92559097547575,-7.59197619659327,-2.35265024930306,-4.31443045873706,-7.25791952856907,-8.32414082050821,-5.25789122126242,-4.02190946237883,-2.82770426477264,0.684879780648974,4.31264152763386,4.37361503696185,3.08829794824753,4.29808799012137,6.91964941767736,7.47649015211687,6.74053223724647,8.46480727390106,5.56637675354245,3.6906084269375,0.84142882196647,-1.38568984602154,-0.834302221265678,-6.86554768887612,-9.30567184157547,-9.17670216855041,-9.4253601949075,-10.9073361702624,-13.2455462175461,-10.8774501131902,-9.20464597223663,-10.6438522576528,-5.72752931949982,0.805918153146931,7.94129281872475,11.433886249224,11.2723776648892,12.1156663142176,14.8588482084135
0.599707353887291,-2.44263781431744,-3.57528884837497,-1.48572119136222,-0.0159357533003306,-1.50845455362149,-2.98044151436237,-2.79589773287168,-4.30873989114112,-4.82877892694029,-2.99750519920514,-1.77656241136627,-0.419798037430175,0.957720171542379,2.89706986259466,3.09689710313296,-0.215632606014719,-0.278061787264592,0.705599497230043,2.70171143625944,3.94551123463993,4.4054055458948,3.87900805081742,0.795500851321803,0.223682296062721,-1.37039865557126,-3.65382417721873,-5.294708393084,-6.58125876175292,-8.54226530277596,-6.79219766464468,-4.46708783826903,-2.79626814218101,-4.85787754484134,-2.68755115034158,-4.18924079152853,-5.6693372800568,-3.9730577670023,-0.15435913101787,0.0208471173010913,-1.21557259958408,1.83056774763064,3.99726370660895,2.04681778981287,-0.206576778878957,3.86984591625535,2.19598780204462,-0.223144085511189,-2.49427779685477,-5.03759458493647,-5.00365801803747
0.482424103700664,0.740857819908427,-1.28569531475508,-1.15955515749782,-0.0669543570848046,0.325493937498389,0.930790780607335,2.38213395606379,3.31261857407693,3.66344156752629,4.10560432450857,2.49712994557188,-1.53707846823982,-5.27890829834073,-4.58859245649148,-3.29634730210946,-2.48005295400889,-0.492520887212821,-1.03848819829076,-0.829586358342173,-3.1023797462836,-1.69107773428438,1.22525214166555,0.349204468802362,0.489218574816532,-0.283664383066894,1.43077410939308,1.9541070791183,3.36323653346598,5.85410427124642,6.00920304563853,2.86694301559416,1.32484695269129,0.846547697598971,2.7386659888021,2.96660278110005,4.7479153618315,6.85613431171925,2.34441284377655,-3.533342543008,-4.9581862951618,-2.04340535898123,-0.725766150412353,-2.10947138678142,-5.74406454086256,-7.46823689325077,-5.02111804153538,-5.47026188421996,-3.70302226216384,-4.35993574161787,-4.17845445657185
-0.0131199600914382,-0.441913175314295,-2.18328859448923,-1.03819320253183,0.170827480981012,3.11237670267236,1.8623912482746,4.46540567674409,3.91963641000859,1.13493348088938,2.32295171416957,0.439450167476398,-1.02708434176646,-1.68655459060797,-1.84529114151769,-3.82264152200863,-6.57259068370722,-6.73521535582348,-4.99688809288285,-6.52573647081556,-6.21225647733564,-6.12660764660896,-4.81630858523349,-3.03134777645651,-1.34126047697353,2.03260548047208,4.10903611604628,4.79359958583078,7.5932637751946,10.2436557417705,9.94766161223444,9.42200306073287,8.21524486273905,5.60808024160172,7.69686275178445,5.60817025665946,5.15395235427496,1.38594828377529,-2.87512212364908,-5.24838243639621,-10.1140648551986,-11.1661327477942,-11.0080910194517,-11.2072436926397,-10.6098333592665,-5.20510335434606,-3.08910156691581,-0.985262061735265,-1.40248712657146,-0.374326162664262,2.28456729654224
0.767047368440591,2.64666167132757,3.57074889200017,4.63040138127498,1.29549141031816,-0.0670734229344731,-1.76387397521768,-1.59592950376017,-2.24546839349216,-3.90186122464438,-0.506492903420371,-0.737743860530907,-2.87836753017869,-3.01624182493465,-0.391602269873459,2.04429416169839,0.964258841495667,0.075677711096942,1.88809330458379,1.67689366892394,1.24684114773126,0.996286437416084,3.38614615846153,4.04767462513456,1.43375820278109,-2.2576575688494,-1.45325749769479,0.417462030448651,2.46458301898314,0.935417987754472,-0.127512704855355,-1.96953619060238,-4.26500781175006,-7.53379821559474,-3.24989161692652,-3.06175451263056,-3.85153507904288,-4.37332085539119,-5.16681250750703,-5.54131611188062,-5.90322035261659,-3.37820243453859,-1.32236688984443,-1.57115909006307,-2.29816302830677,1.56772824416467,3.29870872647631,4.74021679419223,6.95740887795889,4.9768753006043,2.38219952240613
2.17959135080369,1.71752461171452,-0.322418438581266,0.680954448379335,1.25873545052624,2.07954646728037,2.17165888625971,3.25525173279532,3.50054281135308,2.39961037702428,2.09638458482883,-1.28413583561202,-5.7670133844651,-7.14500291437705,-5.02398730234681,-4.51691154071901,-5.60828967001938,-3.89811095630068,-1.40632294840616,-1.20911984609581,-2.9507736657489,-1.77392191056361,-0.352361300696233,-1.58437707106703,1.34872063952854,1.05226988571224,2.09780534515469,1.78686923380296,3.09748250176794,4.71308587995938,2.88249543395669,3.24128784221214,3.55978219866222,-1.89672802774172,-1.40201312526997,-5.1649771835612,-4.0872236296,-2.58918738394613,-5.61231394369936,-5.09273315123787,-5.6538667323983,-1.7382688762586,0.0687024417351711,-2.7675361691277,-2.97986986491645,-1.60832563764661,0.502040427166229,2.78687309371054,4.59753655830339,5.67481606935196,2.70102293599353
-1.25415141379594,-1.08967223302002,-1.36949372516136,-1.04005391755344,0.431599674454614,0.784195158403758,0.833577567751465,2.28825563288274,0.368082724683536,-0.608626242658265,2.25752021811341,2.09192605630929,-2.24963172316088,-5.12093761358905,-1.15037490035184,2.93916710891697,1.82787916249876,1.37916880722375,3.42794871290354,4.63400513408174,3.80333640232288,1.80828147883184,1.73668047438831,2.87197196215756,1.72137127377949,-2.55488902595318,-4.20009002241023,-4.43392278480154,0.354629334626452,1.61272202936424,-0.0309171769743675,-1.88390600876252,-4.80131310188446,-7.97698771268204,-5.16026138322437,-5.23689848855701,-2.48458890509332,-1.29771390995386,-2.41770027449663,-1.69888686422849,-3.86328621727114,1.93027584853178,7.66080197696759,7.38840561782784,2.54178490773653,-0.864792524656266,0.677185726951716,0.0221257721545551,0.539914334995678,3.11711910765753,1.53684643020285
1.2537377381855,2.30873689257084,-0.615350632649366,0.0870996706448633,0.578602081917727,1.72801411038862,0.639104628897072,0.867846745628323,-0.649865983496213,-3.35997666967271,-2.66957787468766,-4.35394815783051,-8.29876850910561,-8.5569102910812,-6.17975892541674,-7.34018530674667,-8.42304425512901,-4.32065066422974,-1.45454482039382,1.1773380030858,0.636364293259335,2.33906575715872,4.284169540981,4.12606892789736,3.81914816375796,5.33985040819552,4.53266508360925,-0.100052530662462,-0.923533616461905,1.35539726519115,-0.302568987986775,-2.59562374551687,-3.85425663286415,-6.32017241130049,-6.15039132405003,-8.27527285490161,-6.05109980350504,-2.76009865621886,0.197284115445694,1.61516594155047,0.83346504719203,2.65472373070237,3.76037086200061,2.80173338674812,3.11533026245205,3.2217919012949,3.81980209321144,3.29810999279818,1.04493133928106,-2.87745387250409,-3.31994203184265
-1.06562275241133,-2.24066356055329,-3.95737412464531,-4.87040318246197,-3.83262130159776,-2.56163122477106,-1.29350280816136,0.0955498863969175,1.69541300190031,1.54559991924897,3.30643534380682,1.49246090380923,-0.926562482380751,-0.715450783717579,4.72064255707593,3.59181966535283,1.63213795624311,2.98029529713421,2.00965821293002,-0.0773005072867115,-1.06719070295256,-0.765667681096988,-2.37301877525344,-4.03372000898119,-5.356611671758,-5.50155204509522,-5.11069271476716,-3.95559301112171,-2.88392191841295,-0.763706628910686,-1.50376687941705,-1.24243837506528,-1.88797384653424,-3.97260990873639,-1.88571913803176,-1.144255551811,-0.476904197354687,-3.89739737474339,-4.04349056177841,-4.39397691826208,-6.97002630992479,-4.29085672500117,-1.49517922831406,-2.029057646213,-2.55562187908381,-0.788257299775629,0.764049479794836,0.651634260334973,-0.296895747982926,-0.0995632102707804,-0.18416655219332
0.0899676979296709,-0.429837655294317,-0.831712775398038,-0.0174070947891576,-0.63027210625758,-0.348511350805996,0.100824966893417,3.81503121163589,5.43297930884656,2.66258500857177,0.0941280030537719,-2.15647074786414,-3.17302946368807,-6.0302043629863,-2.0981272524962,0.880197174139266,-1.10395424315844,-3.08956348707917,-1.78321726579982,-0.966702114800645,0.709170881132848,0.121377908192619,2.50282033822404,-0.9538781778016,-3.48900680814017,-4.30863228607868,-2.85834175625893,-0.591591447243484,-1.34397730377612,-2.81773420624184,-1.24622095613851,-2.46564275489624,-3.20949626115112,-3.71129042179917,-1.41447195933955,-1.82448512583833,0.688472056874149,2.43643099377716,1.64329536554241,2.9602745739507,3.74657921687369,4.93896222650544,6.25804056369202,6.08414092361703,1.19880297904286,-0.0716943341180773,1.15175578623531,-1.78818566209357,-7.08141982399987,-10.0355119754492,-10.6456349819668
0.383348133848299,1.12909992605357,-0.753402457232803,-1.09343944705416,-1.15521166830593,-2.12128299747383,-1.98194266522897,0.0670854329893442,-4.08542192066828,-3.55019323656676,-1.17554656011005,-1.06785307763096,-1.67404774346528,-2.08475363035481,2.13331006906155,-0.547559827780095,-3.81091423758694,-1.75139295799246,-2.89578151089172,-3.31386812202138,-3.82310546843001,-5.02146067020288,-2.15310744408245,-5.83062061832209,-7.23936629048331,-5.76728701934568,-5.5831577852926,-4.03869456770038,-2.87459088742662,-0.00446881054066782,0.829151152457334,4.45180284459318,7.34006278625973,6.52944666003915,10.5425716985527,7.82024799047234,10.2247067953072,10.4938359121477,7.81205996911596,6.79411291278594,1.53154583657598,0.109996494428648,-3.46204382209959,-9.44583137210807,-8.08029790419801,-10.6598371390728,-11.540447101696,-10.8012665855095,-10.2101449826733,-8.01347022735992,-11.6695785151642
0.00363975819829389,-1.61489141257567,-3.2340183065819,-1.93359638580654,-0.0624008162138267,3.02036379064572,6.30109382425463,7.6360481039917,5.73676939550952,3.11684450353769,4.39359390639903,2.34897638611592,0.493506375860624,-0.693125334051064,0.389340006839941,-0.710045102682137,-5.75664248593114,-5.43810276855113,-2.21934968590435,-2.40744088829874,-4.19582285045947,-3.01274318403607,-2.05336596149158,-3.29195093110587,-4.4935631586558,-4.93878978410684,-4.41659099814539,-6.06694929576486,-3.997207967254,0.837585628910145,3.56852914076637,2.94048673583226,1.27215867059921,1.42638832024221,4.43365331488523,0.772074050859638,2.73998411314251,6.63721046862064,5.49875810862158,1.35567399357482,-2.15548795360704,0.100563322980284,3.41700986649102,0.210328943297731,-2.57176438731027,-3.04903046830397,-5.01932635848118,-7.71062148805892,-9.94541716081244,-11.9508745859547,-10.6202750968732
0.587178889624146,-0.092828710987342,-0.81621386661706,1.63807000007025,2.98331659371319,1.53889042882292,0.852188724232209,2.4918394936672,0.512687224953565,-2.39621632867041,-0.693092145611625,-0.304725133342025,-1.52830879461485,-4.52749009911534,-3.25375323003056,-2.47905728071654,-2.88309119379504,-1.67095585942336,1.15856374672417,1.88557245260902,1.42984431684965,0.0621779646453795,1.80686994589083,1.12207891296882,0.96155837194019,0.0522392324653696,-3.55709912122256,-4.56746803264558,0.433007498039771,1.34470647613286,1.6284298578701,1.85411455426172,0.806625216176987,0.193176304908889,-0.200148982435016,-0.864023645516193,2.95624906059868,4.21686385131558,1.94337217820874,1.76584589234793,0.723997535888996,2.44440499118009,3.22915776722213,3.29761042913913,1.89232289328685,-2.89456776727914,-4.64938745978261,-4.34896376576536,-3.76527085456441,-2.45744238599291,-3.97501932152362
-2.03361261821968,-3.16912201567955,-4.19116186478927,-2.01510156954211,-1.35826008850527,1.41199165375308,3.45043434111907,5.65217552397032,5.40599481964344,1.98363184328254,3.42074887003235,3.77353642522506,0.265758640361705,-4.57642834418942,-2.77845082244551,-4.74269106124231,-6.20526984904228,-6.38086621512575,-4.65063413274916,-6.31343544374318,-9.69867600685369,-9.37807978583288,-2.86360340419579,-2.51336316349115,-3.09372185826336,-3.20867401628443,-1.71937105892509,1.05864625887768,1.81670140934057,3.79625752729989,6.0990023880321,6.47623235852273,3.90798733077334,1.47632639006969,1.44980804383801,0.745599930501603,0.598466194986068,-2.37190725948835,-4.92382713433899,-7.42445759362563,-9.21308487863439,-8.75853061778456,-8.32509202164496,-5.33076165075759,-5.7405628413379,-6.88957517448879,-4.54486777067938,-4.79961632078881,-3.69014123148217,-0.0790889754956467,-1.49143298764947
-1.85953957501523,-1.02295793729551,-0.334152401600057,0.671433264136052,-1.15605124061933,1.01657941145928,3.99849591381994,6.45862589506694,3.90529821140541,5.46271315890312,6.71321458027797,2.97444090373679,1.03342405941476,1.90713269922279,6.6580964614195,1.94443747963932,-3.00714711922292,-1.72642741471184,-1.12000220474881,-3.25309140860304,-6.45443073932768,-5.68574941725516,-4.17869604254379,-6.20193481595366,-5.77069630983733,-5.59015332337966,-5.86547448739633,-4.75524722156737,-0.287642326880186,1.78925798993492,0.799116829446018,-0.982391709803312,1.30240739813382,2.46689627231441,5.32678667132858,1.76926489479287,4.75594380756173,6.01926405889379,4.98120050554947,3.84300301757199,2.99318698046502,3.30731586607987,-1.03225973774661,-2.59723346451035,-2.02385962075488,-0.559652115303807,-3.09511232594287,-4.15940193904658,-5.0238006301096,-5.10296649263388,-4.16510645159118
0.599921797252078,1.39487013901403,-1.12422178781769,-0.467205617285054,1.56564148707802,3.86629379643861,5.681434319276,5.95572284782452,4.78517840165604,3.63150466546261,3.39543766775609,3.23086114961981,1.24412170112789,-0.269299598297643,1.71574723554264,-1.4337408666923,-2.94823611050461,-2.03796413775714,1.35225951514038,1.80256841306427,-2.20312249104278,-1.49076209673128,-1.04071173398572,-2.01833517898741,-4.74545918450195,-4.24001319725463,-1.7408418332106,1.05540143249101,0.750518753195841,-0.265520401135469,0.65789124641948,0.662769808953532,-0.123619214113493,-2.28070512069271,-2.92223099297548,-6.18941795386385,-5.78420500278523,-4.80320806520772,-3.61237947454191,-5.12352851250591,-5.1290967746633,-0.975783372040338,3.40110268652951,4.90830663260334,3.80040966010359,5.76188034348788,6.39427716373425,6.50796147062063,6.68335874960329,5.99444210893429,8.37491442721296
0.527721309414869,-0.017498879007156,2.43938983955633,5.88204394726009,5.31102279308876,1.88971434846606,1.56829555762976,1.12712108176875,1.13969790172261,-0.360746352073874,1.9626773925563,-0.369280239520883,-2.53755545107108,-2.21037531563854,-0.658521509947771,-0.652657367958017,-2.14078689442302,0.20754541965089,1.70947175124451,2.64985371453682,1.12144855725185,2.43207338308807,1.74968030214669,-0.477512489596396,-0.59423005625037,-0.43840482831889,-3.04454756250509,-4.36984083313166,-3.16748777676162,-5.1300915306027,-8.45903064280182,-8.3677108615672,-7.57626546168139,-7.69116803440674,-4.81555280001445,-4.337756926638,-1.77166086430609,-2.3903736503429,-2.78931836269654,-1.80462531944114,1.29100761812251,5.96836511849706,4.80187183581432,4.30090400396555,5.30569611144772,6.57444171763548,9.25835436022127,8.18951103015332,5.63496633749959,2.73238361965811,0.513214156378009
-0.0684399231286392,-0.182749718997903,-1.43400270189378,-2.80726339384006,-1.73118471710497,-0.490298509735901,0.23679253427873,2.22464773419194,1.60539936636649,2.97326489058014,5.88297723005335,5.23502232223295,2.22661561497759,-1.06212384135548,1.8781966268219,1.88482798371115,-1.41195202942987,-0.553245822778896,-0.033823233703874,-1.89236948823835,-4.7643396483656,-6.79366933253368,-3.321907726008,-3.95907122572773,-3.32335194461854,-2.23363732018559,-2.59038196304007,-2.22679779269245,0.844148937445915,4.24920114292963,4.04687505020817,3.15849918102154,3.99286282774599,4.37060448412187,2.81139469644633,0.597766438503397,2.83943778114987,2.95942370715601,-3.01886827503299,-6.06931875095346,-6.99110088031348,-3.80197661737069,-3.52653405502768,-3.77040881825194,-4.70167018347303,-5.64705761094198,-6.01847749720755,-4.44230275537291,-3.50663579513245,-2.57698979521659,-3.19455646458922
-0.189706969688627,-3.53650097878857,-5.43689109684945,-2.69985830331452,-0.372476771776854,-0.441454771656674,0.24800476145365,0.95588915702942,-0.199004934525046,-4.08432382785677,-1.4159580857191,-0.809257830925953,-4.37081703359194,-6.12909756121736,-1.49825669426434,-0.0705135778255332,-0.381150127874776,-2.46195910177599,0.147436727912503,0.644806169346418,-0.436810326885614,1.22113551763832,3.91363432068495,4.89982170297107,2.0717273201393,-0.393918891351008,-1.23438654487748,-3.81441826126399,-3.81109721824098,-0.499164823412705,0.136765866105953,0.259902721660228,-3.5862243665825,-3.18339192578306,-1.52544944209647,-0.483492282436854,1.4638334349712,1.53176939992241,1.50887464708274,-1.59758327734544,-2.93273262427506,1.23659130773745,5.71158571547893,4.66533732293005,-0.132612870672337,-0.896912046096346,0.310408397939042,-2.16294297092626,-5.27222938130814,-8.05133057874896,-5.68967506880278
0.285226691642345,-0.614017417970231,-2.72360746594278,-0.313877233470948,0.0613612732849169,0.900156877377553,0.0918924940055364,2.29523782427567,1.58225354352934,-1.20810260650958,-1.9956762054321,-2.98870698098426,-5.16900516576653,-4.27737326039257,-0.0499762600753861,-0.639915859436325,-4.29500884579177,-8.13092410281263,-7.09143582218405,-6.39711651623027,-5.07194645146063,-1.96171787657144,-0.301866572187514,-0.997814762291154,-1.6207270019092,-2.08530389088352,-1.11274941585455,-1.03540601823423,0.646660175134198,2.45258223703839,-0.0357908699339753,0.217452563313038,-1.11148756104782,-2.71462433020323,1.66265101120085,-1.16669095105523,1.26744816213651,-1.05488382177024,-3.77949254988836,-5.52253508997321,-8.29160444384928,-5.38855082093928,-4.92187398808446,-4.9142400392393,-3.32224853551297,-5.12018156914452,-3.10388754767206,-2.64970835913644,-3.21973037702267,-4.54061575464875,-7.29586306346829
-2.42391271279581,-3.01541764297315,-4.76937029455814,-2.88657881416911,-1.17281506398513,-0.0728332585462017,0.913703815748826,1.78226364968211,1.3585309401284,-0.0337382043948902,1.16737085821712,0.2210944918377,-2.22869039383391,-2.46573435538208,-1.83560439651133,-1.6144541360238,-3.5883322219948,-3.61778473762126,-5.13080080167642,-4.84828944836244,-4.56441597111147,-4.18592479024859,-3.9675758193829,-2.69020077800476,-2.65026030410877,-3.6406816508159,-3.16503293747324,-0.457226810321995,4.58439884035387,6.42931244494757,7.01017079119459,6.8972335949181,6.81182947080937,3.50183892131528,6.10690407554247,5.68818471882722,6.28885129303415,1.77213116485493,-0.310931325257293,-1.66620934228844,-3.89770415873476,-3.18344357211887,-1.42221435366607,-3.97630363797766,-5.5195463570541,-8.0273946712137,-7.60462422176309,-6.63418700066126,-8.05271582192376,-8.54188088569214,-7.21528596696008
-0.573134580852608,0.47495262671151,-1.68146143196526,-0.163946879240437,0.597202855651642,0.92378135770176,-0.223121618032249,-1.28544241083999,-0.414896121503898,-1.93835512667978,1.69942409633366,0.240668158665398,-0.525014763552466,0.630328857766106,2.47738697376189,1.53537884197111,-0.158163863436872,0.977383910181915,2.3746903411625,3.66388837372688,2.82552482147109,3.79021048825853,2.64293058723368,0.44311267642913,-1.35307860990204,-2.46372242036767,-4.78133594173746,-6.53521885314728,-5.14504097783581,-5.124311708015,-5.44443108007682,-8.41689443975252,-5.67584547457458,-5.89235546542544,-5.06376361873408,-5.11352757708785,-1.08920849107728,2.66370558053462,3.86957987144809,3.65351011163051,3.72560599537827,7.38251381168144,8.35876296475991,10.0839709714725,7.8600470053867,7.86926870201821,5.37904599079607,1.14669788851246,1.54834595014418,-0.391680732026122,-4.16945406213691
0.543316539402718,-0.32898001141169,0.254441632819513,1.88581377973274,0.332169622576449,0.592629734960087,0.0671650063854237,-0.311553310206729,0.597004833337426,0.368921743178474,2.16741428038752,0.590427881734394,-2.06219877465916,-0.876079499611997,2.82419369386107,1.96600709481402,0.0109242554403259,2.27140533889086,3.39391854704654,-0.1664074381888,-2.96168678852663,-2.16520595950019,-1.56057309607536,-2.00225392282401,-2.68346654721967,-2.47104098204766,-1.04181913728342,-0.657942085092255,0.91242792056147,2.86330366169657,3.73256257535681,2.3267145030727,1.24926797981867,-0.337238097839653,1.63955241828402,-2.01668730397758,-1.85683221357206,-0.212070349061438,-0.295850196931756,-2.90067330902714,-6.19402023451582,-1.57698319878317,-0.800028206818729,-3.82685723296642,-4.84486675158642,-3.63827799557193,-2.82287679877084,-1.95400059550761,-2.46410430952686,1.67335738781805,0.214715577068924
1.88573631615685,1.00185156438755,-2.6806130583241,-1.14297239965967,-0.864741908600827,-0.720691435034031,-0.969125181511204,1.11620421115038,0.722353350324976,-1.36063468500071,0.885740679651783,1.65350407791573,0.816246818133424,1.37267230942257,4.78714070502474,4.59325722278559,1.90937747188264,2.35353264301325,2.83747990985224,1.65063127240734,-3.18121868571922,-4.10066885321567,-4.06392881091065,-5.08831652110268,-5.85928606535778,-6.30461319134416,-4.71741890774576,-4.79992124414907,-2.804732520521,-1.83031630594187,-0.234760328621402,0.2839036451742,2.31504481479238,-0.436989484958342,1.18697611757127,0.899624860621477,2.91971163382232,1.18414851032368,-0.137344832321908,-0.515842967748014,-2.73201070676157,-0.866553219250525,1.01630431984567,2.603401535429,2.57885886715571,0.797096583224398,-0.889604709857413,-0.27980891175432,0.615467271264035,-2.78905528038123,-3.76695555586902
-0.329258100389632,-0.698232956848844,-2.59894609459305,-1.8043555595266,-0.376282518487817,-0.437592013179646,0.0603712067420144,0.0033099162043715,-1.11733676351237,-4.06150284189542,-0.486199474966783,0.871253728019681,0.127872424114743,0.00452081548709415,1.32741693109913,1.00442278129864,2.03890786320378,2.76327753180072,5.29931122789949,5.59964543296692,0.0898860194348785,-3.72663576659055,-6.04763363887036,-5.39174511468695,-5.0254173725446,-6.96115025398124,-7.87232006134705,-9.52424785169851,-8.49524394734353,-9.22302069270377,-6.04484609607541,-0.0113451980933556,0.784840577239699,-1.06545939034285,2.1859472838891,4.24839547092832,9.57953574980895,13.914331060771,13.8339202851613,10.7060837652501,6.42572230756955,5.91885358602871,6.37925240745412,7.82313186919372,6.10614381013242,2.88113686773109,-1.06763972853503,-5.35339611931756,-4.46942833959847,-3.55075562508219,-5.72071874523257
-3.53679676286535,-4.79743723754043,-3.43501946631719,-1.19626646858576,0.516725000216445,1.72837819608999,2.25268140300088,4.70628250915317,2.73126994816264,0.565526718715469,2.47365600180095,2.51900861438416,0.659060154959088,-1.44728761581178,4.41714401617923,3.4740308457676,-2.4233178097084,-5.21329110602788,-6.46774998986518,-5.69936658993879,-5.34050066488469,-4.81114472018159,-0.833800882121323,-1.60846597536347,-3.3657908734374,-4.42971748194552,-2.12091833285789,1.39697345638606,1.5413218796444,1.44625311213196,4.78219993280861,5.0538557178986,2.88271870355048,0.900158501722622,6.03419955722524,7.13984045210213,4.88265164697811,1.13097948584182,-1.7553046805259,-4.40373670753472,-4.34824010307379,-1.24956446827951,0.487021367935137,-2.06079567454785,-7.69355456145797,-6.17373121528074,-4.7166743726344,-4.95905206987921,-4.45008893901246,-5.1068845384063,-5.81333329384755
-0.667484721722324,-1.08651255172834,-1.54063404071752,-0.406490727495952,0.569987114985924,-1.4936960074078,-1.6740802030415,-1.14962531924842,-3.20734347831181,-5.05363691842608,-2.19420232851703,-2.48944059368262,-6.63451806424601,-10.2698521907082,-2.5697054865722,1.59117165917662,1.7775152631802,0.711849087817702,0.718712015580875,2.72843554776329,0.475925499333663,-3.35122287254482,-2.4975611099687,-1.47045522146502,-1.68478368143489,-3.82688668370704,-4.55216131547744,-2.24205905350374,-1.50165176192482,-1.42479511581154,-1.01185562670474,-1.28066760032998,-1.68117107007209,-2.68374935806208,-0.596245546030476,0.910971554517269,2.25247620925485,1.21995784331784,-0.185096729336426,-0.342391422992641,-1.15793247616825,2.77750289653204,2.86719254388144,-0.153880032702506,-4.39703764694553,-5.43446299478108,-5.19058798852088,-3.45630388524764,-1.93565321236356,-1.84271816660517,-1.2504363969698
-3.38873420925693,-1.51852225660446,-0.817187806317245,-0.370369758680174,-2.48140331708514,-0.345075024426254,1.4582745005108,1.27008572881145,-2.77840499249686,-2.48390875446658,0.326892846152889,-0.825182941324485,-1.27392497522626,-0.653858263941771,5.02911482037493,5.4483646083895,3.33524537580509,2.80670338430334,4.72685788417204,2.6425494553225,0.725933930609755,-1.02890414359173,0.630022891300354,0.218213676420103,-2.26053121639082,-6.1468170282742,-5.68330719009292,-4.60225179712336,-5.4271023302624,-5.9326947237608,-4.28518755881394,-3.06918929617482,-5.62170324634633,-5.43568725056322,2.20156365002434,4.25815579656547,8.07683113400397,10.1261182902734,8.6452114700675,8.36510730460567,7.27820634605817,6.58897833739321,4.97482483859278,1.33544159375404,-2.73494465194676,-3.74792899595561,-2.36349882547121,-0.175340422456727,-3.51971137010101,-8.66701642096097,-11.7491861627673
1.03868447028383,2.49900521404881,1.64011197300907,2.03327294161738,0.505642929073748,-1.32491597216606,-2.3658302417365,-0.781499164166848,-1.64887809157116,-5.77535517977616,-6.14959867397598,-8.16475166075156,-9.81327434379658,-11.3297467329375,-8.70126113633514,-6.65294686093067,-7.8206202333527,-6.90393160629072,-2.30381554473236,-0.504493256029004,0.21959042166767,2.23205125117288,4.38257968560384,3.3844155547029,2.41908448639693,0.383449275373744,1.5060545357217,2.89102882390829,3.54908818598319,2.27615458992233,-0.894369401994639,-2.86196465898842,-4.11362761405951,-7.87702538579011,-4.68996993054345,-7.25712745690912,-5.69301113964473,-5.40980656464247,-4.16385180281343,-0.0801752281422026,0.377158499821897,1.43971544788234,4.61265520825153,5.09934879919827,4.66731892658279,6.29045657242533,7.26096603310489,7.21192357624624,3.81036558075507,3.39123405580849,1.16431193492501
0.142701126544645,-0.462812165113675,-1.65463263125245,0.271046857238608,-0.0062236390317285,-0.379390933966051,-1.39249281995075,0.539395826803669,-0.825916367803255,-2.22049172443291,-0.729776339489513,-2.08341561535077,-3.89392270757249,-6.39959337365373,-2.01780592341059,-1.68507853689155,-2.82740206859146,-2.47863293362642,-0.471410210265399,-0.650044125312681,0.00870287253182589,1.72932210992641,3.66008723781689,4.13291969113107,6.43492375182093,6.56507164824473,6.11004135710743,5.71874573462582,4.4461118031137,6.04357474506219,5.25056759922619,5.13706896977448,4.54410283063665,0.337766573759278,-1.75467110338364,-6.63929878498422,-5.96968204439557,-7.40109746640647,-7.91723274124965,-8.54587878412522,-11.7159898794366,-8.62097078055983,-6.22209379565942,-5.67591559848887,-5.86977137857595,-2.92457812108807,0.611572409862849,-0.213658078534787,0.561476792595406,1.17043015295867,5.77658787694776
0.143964376747719,1.12107221325392,0.706091520148452,0.829303757107147,1.36793640204243,1.20576274738115,-0.905469910373988,-2.45769486464828,-2.91766940416529,-3.43926138651869,-2.39537889878441,-4.14579120204114,-6.40785527110699,-5.88525716460822,-1.635841112478,1.01435797149453,-1.9191962568391,-0.828535125356902,0.064413370986097,3.22931147711836,6.22677834980203,8.5283922261613,8.87200295127803,6.37748256027917,4.75347680039923,4.19669721287605,1.85831197527963,1.93981189086088,2.41531602154744,0.970637840547291,0.0943672952241463,-1.64597879538,-2.44541758671001,-4.17186581373509,-3.2518907213553,-3.43597311278254,-2.1106374697525,-1.09969171983449,-1.47705030676593,0.0556059834846216,4.21054417962193,5.18282369875878,5.7088972388145,3.43606234472361,1.20043366855815,1.05373702028187,0.127660156627823,-0.830107698077112,-2.19336552647341,-3.57112997638999,-5.43483064336969
0.169712068179819,-0.224035055359533,-1.65841392280071,-0.946622223799756,1.76776722481441,4.07138642957758,2.61632524764937,0.899662972293973,-0.0914293192759283,-0.506457147942651,1.70230802881622,-0.915734188538385,-1.41213561589684,-2.79180032767799,0.187804515304432,-1.69168611232383,-4.21807917208626,-1.50844604348839,0.154103811335487,0.634110717948728,-2.81611247172289,-1.87397455213054,1.56127130611255,0.355851533461266,1.14054449858197,1.77064973436731,2.21808551204025,0.0505309335893969,-1.88575939716308,2.2109092031358,4.6019129737124,4.53843994319895,1.93124367838889,-4.89008304160759,-4.15561629980888,-5.62472162352484,-4.5667465175885,-2.74752570491185,-3.23006144385836,-2.61634405246169,-3.89001758024709,-1.35161420138724,-0.17104251437152,0.361157600265257,-0.721014653136986,0.0888950221169684,2.21278654782151,3.36331284691256,2.49487406902912,0.796971876757612,2.48606522611372
-0.441918960905175,-1.06850227644992,-2.57033570623835,-1.66308768974594,-0.0618336553836463,-1.16944305599246,0.577472586635512,-0.297457069120797,-2.39052705424254,-5.14719849512248,-1.77094876357735,-1.10030021132505,-0.973857363811916,0.243231676790142,2.48592521452349,1.19975876884472,-2.89027978148922,-1.74394793779997,0.443227602485551,1.69129769752456,0.319415604067244,-0.263717379267799,1.20902117274011,-0.108535420326372,-1.69173137722322,-1.48682558654515,-0.190565307165783,-0.265898960225099,-0.250481787628288,-1.27486613231341,-1.46492275105009,-0.519199799884414,-1.74084501942926,-3.54290661141664,-2.55152691440659,-2.5631708014428,0.183628963770188,-0.35865930466608,-2.33614892671351,-2.69463832201678,-2.82159831573144,-2.28138641323792,0.201831475251199,2.84084285196693,7.40937593825265,6.96468494046391,5.3637283104399,5.85020447508204,5.54451532302414,3.27209200922611,1.15429717138094
2.01730235093712,0.537533503633518,-1.2672616031552,-2.17510808453493,-1.94872183890813,-1.5243505700155,-0.467660093431071,0.491019948423108,1.0722682909986,-0.487584139281557,1.13522051476066,1.12245477289656,-0.292891376352051,-0.790175321643463,0.82062377366103,1.79811185709053,-1.20112503460852,0.329845476107289,0.31362770990412,-1.53994215591987,-3.11415120736982,-2.32711377419114,-1.6709680460434,-1.46164857476515,-0.903366560572012,-0.0154717738494894,-1.8787712656405,-3.30355636588136,0.338312096107954,3.76463987166313,5.51530727207432,2.86449283058484,0.703492130476774,-1.43812600005485,0.236872034676039,-0.619739359435068,2.94853499461462,1.98390141881602,1.33931447879615,0.465015567740679,-1.09353405890975,1.17895113653043,0.585703745485526,0.0396596203151098,-1.22682096198451,-3.66152786556937,-5.27785057135248,-3.76014581110518,-6.45167975143257,-5.94485382883587,-6.39677881088452
-0.910087642446401,-2.57164430429803,-5.13567321119493,-4.12876982291154,-0.383411554919129,0.994147854794158,-0.710418810762945,-0.769341212987136,-0.447096658912083,-3.19935403133377,-0.877433588045206,-0.286644245019342,1.73681648814926,0.163836778352659,2.35575734187821,4.89249314642361,1.91601730758391,-0.378400514827357,-1.79924403688198,-0.417833824894121,-0.0723889461244367,-2.39311419848422,-2.68474432397948,-2.54526914030645,-2.83082677869827,-4.90071632949106,-3.68228356544037,-1.0414660570735,-0.0982883180892398,-1.07310737133247,1.47103244655575,3.79989944461073,2.62962711910534,-0.306699685015194,2.169415970601,2.36380435356426,4.42207510405559,3.58783616143351,1.65389797937948,1.17103236408083,-3.34282530167522,-1.71455929648133,0.334287186857608,-2.20052512484774,-4.05225234921644,-1.85125350378141,1.74631417370508,0.49368399267185,1.78326379353334,0.66904216649025,-0.508806911845361
-0.065054962041523,-1.49721146632608,-3.09102593696381,0.497763494008132,1.27943461973318,0.733000873686469,-0.514541081329219,-0.144767002656378,-1.4186444294013,-5.89718477362648,-1.79617604007571,-2.09267770257938,-4.09562279030715,-4.28568722725382,-0.553096626759043,0.355242374785615,-0.446281209503475,0.270061732096133,-0.0331073383339717,-0.485159131216152,-3.49819268494503,-3.79168806692415,-1.95556376434882,-1.05273845424434,-1.43655429810582,-4.24688592013948,-6.92973436115405,-6.708068369778,-4.95188842737936,-4.06663248975595,-5.11088041799626,-4.42478828746625,-1.90519993075994,-4.63295195692964,-2.98682928625685,0.966170576214173,6.40548684293995,8.66310160548391,7.21899243143718,8.43272424794074,5.79404625312524,6.72372816049613,5.25064348511731,5.66305253389111,5.59115279116998,2.47034593687766,-0.933911138556483,-2.27575305643889,-3.84790230573539,-7.72271455314233,-10.252572421505
-2.26359333110786,-1.3127344946336,-3.05990656283121,-2.56344227935809,0.670238245290582,2.03746241710118,1.85749200445369,3.87783400054925,2.02602386440579,0.855698859891382,2.35818980039047,1.82729700571112,1.32671864256619,2.60384115998889,6.41508797704889,5.3680444395404,1.63175285654657,0.00951064110258137,-0.399045841198953,-0.673115348565787,-4.90713775593805,-7.54369589536991,-7.83234261109118,-8.74032214371968,-9.65846316347387,-9.06054342586124,-7.65109691051773,-5.88398164452143,-4.13280718565939,-2.22813038782785,1.00111815864947,2.86470279311369,3.00854835528128,-0.769108972827339,4.56977630147264,5.56486717154202,6.06579531201351,6.36048779752526,6.44094275934231,3.90034564017985,0.204487602081395,-1.46304567473947,-1.41162176901816,-2.01108940426299,-5.45898074471315,-3.58432765527729,-4.8007560257169,-6.27567408319142,-5.67695547251505,-6.57069028616684,-6.96861887294378
-1.54975920217503,-2.0159474596695,-2.49056667172764,-0.632482456077473,0.0259891926115807,1.98644538977547,3.2951024016123,4.45960284745831,2.10743172602424,2.43954265872598,4.11425662019951,2.24378027287582,0.145842070759468,1.18233365077416,4.90884466293304,3.81858246026484,0.905908583931346,2.54729749563537,2.15256070800393,-2.21316017996294,-6.41925588832694,-8.87193254619068,-7.49156801738962,-9.05668517484039,-8.12179794766553,-7.90561983283848,-9.26094577013878,-9.7895065733529,-8.09429411100146,-5.07655238774624,-0.695539788075711,0.030676240908164,-0.465349212475509,-0.478778659119769,4.99639092991888,7.98569580822041,10.0907623170238,9.84625974604694,9.78440207551855,8.24291334484697,1.18634594898579,-0.0414384715607401,-0.638593281602832,-2.7438817703367,-8.19463304182763,-11.818348879632,-11.1830974025637,-10.6510959558066,-9.13763491107044,-7.21307483267763,-6.13394254344437
1.62233184406938,1.77545456121542,1.28299262097303,2.33898687407935,2.37296821018218,0.129989697372132,0.218105986885095,0.105851550139207,-0.503903055019419,-3.73019056982264,-3.56681205444241,-4.16341916674069,-4.26909427439563,-2.99780467800741,-1.09983127632903,0.544903204039386,-2.12306800034182,-2.53802716149645,-2.84631524869391,0.082003491992932,-0.0146883209592739,2.98371213830274,4.11280003277308,4.25429110070741,0.771676244783378,-0.56932756897407,-0.203623966733315,0.994675974458143,1.50251035892005,-0.00724254339812645,-2.20611810279572,-3.00463373605911,-3.29263509877193,-4.06907313085486,-0.0384304797782296,-3.30262119809574,-1.38292168598131,0.992728668593319,0.73440301295177,-0.435455415524224,-1.49164256994631,3.51517941701294,6.27514343041939,5.48095780807255,4.5823029870928,6.67370322398315,7.7381023001507,5.46825609389803,1.69317162142765,1.06902712658886,0.113263631088487
0.494352881341577,-0.148453742745873,-0.110536716741392,-1.21576362281595,-1.11386880951981,-1.64646436545901,-4.03848036284518,-2.67686166320497,-1.55361958230624,-1.21936311135026,1.58311857851313,-1.48994325612296,-0.756865727900591,-1.09711090523639,2.50611900976214,3.24315290731103,-0.597413872638125,-0.958922107741019,-0.964021921741264,-3.36191305914078,-3.51684645536409,-4.90003607332853,-4.23566943715042,-4.23658873475484,-6.69900910145264,-4.93496583031545,-4.4422586810708,-4.78299554945378,-2.67640907856399,-1.42680419708524,1.81573707043819,4.95930794616567,4.90019095604578,6.79521335113709,9.28992865262885,8.35921902759577,9.10259096739215,6.22341330803601,2.7318823195025,3.01202973100667,-2.36244039035981,-3.44047781847194,-7.56792276321702,-10.1225384038539,-14.4644545951114,-14.1599771622566,-12.7774706715407,-11.8918049195378,-12.7572535141416,-13.5795219712151,-13.1646238407516
2.32514877512189,3.11530057926318,1.06616418168696,-0.457770745534863,-1.25675622088713,0.184037332588151,-0.28335307813686,0.306282340853312,2.14184464032073,-0.17680158895289,-0.448078882355373,-4.37347061547736,-5.83650431621898,-5.38865785052959,-3.30525671878726,-1.00141953096793,-0.416385287259608,0.906911997594122,0.705755308584356,0.914988652815481,2.93002975205307,6.58556580301678,6.95088464186977,5.99917667071177,4.70997637620524,4.08182995127275,3.83667711168522,4.11627452540931,3.93326430380516,3.66747529140182,-1.15331212459343,-4.47904872687813,-5.47517975685506,-8.39027333301783,-6.52268185446795,-8.38976071855689,-5.41990555811773,-7.44683464402075,-9.69759322522259,-7.35238282613184,-7.08742030467817,-4.77366802602964,-0.843797280074094,0.0390870344269771,3.93720929406977,5.3483231913635,6.23890062649707,9.84068670620137,9.20809028056751,6.90561438958261,5.06862846249016
0.443250946517364,-1.85643568567009,-3.66934589511714,-2.45432892444915,-0.824451338485743,0.826851055125313,1.17464404802169,2.75750981249292,2.52390146272711,0.494674850532038,0.975471064639308,-0.0358283237978902,-1.93240091995756,-1.43882237084875,2.26391687052224,1.02388688491115,-2.48406019143675,-3.90207595470689,-5.17445136298254,-4.54445989365864,-5.1391137747587,-5.9761789060987,-5.07564007663188,-4.91368333405009,-3.64785000609653,-4.83033208927031,-3.60455878292544,1.56203596541961,3.12671631926586,7.15577100119627,9.23083996056043,9.55653845716625,10.0510022744564,7.63352209968455,11.6647435640095,12.3407129196774,9.57697791351886,5.80676387229343,1.44498338274851,-2.05277141119332,-6.49062640409417,-9.45664029196887,-10.7482542928979,-13.3800413470417,-15.1978728319014,-15.8998709273193,-16.0925260488276,-14.1447054708984,-13.4504927066192,-12.8198023113126,-8.80528459173621
0.960024067429522,-0.0131148506983349,-2.08055904289743,-1.92979372961898,-1.51861931613391,1.78836962143262,5.51519084590639,8.32065319544051,6.23859014423259,-0.844668045155198,-2.6429806226831,-3.75488963219226,-3.88280865504844,-5.8047734637681,-4.61958376665635,-5.01917362619766,-7.72222976775192,-8.13848846791128,-4.96722620691348,-5.16534171705277,-5.84593957481535,-5.28959421498,-7.80889705276586,-5.91641500834397,-3.97839976379628,-0.431125752579788,1.04379168066891,2.16850092332019,2.89503450278972,3.71645454828728,3.9218133233825,5.2074581740062,7.16211761153758,6.89981680736451,3.95205968606097,-0.248040631879974,4.35754204779565,3.40607424871598,1.96345637458576,1.16285076093477,-3.1297730224132,-3.6560379672709,-5.41899758373638,-7.1937546712715,-6.28071693578214,-5.18207186052901,-5.73784978195631,-8.48715273682115,-10.3971591277011,-8.10985717536388,-3.94316516425973
-2.59680450564151,-4.65136144128862,-6.80340094399333,-7.96674387704681,-7.37122811274781,-8.08392008600194,-7.08517481503424,-6.67179964394508,-6.61848463489929,-6.54808265005649,-2.743698222683,-2.3526522312758,-0.45942437925841,-1.51369722057695,5.39792896205097,7.65670769186781,5.78722019414601,5.99997605490397,5.51466106537034,7.6129334282908,8.84021600141444,7.57900232160709,5.39366959504529,2.04226737641327,-3.5795058030945,-7.2419974230613,-10.9024032959037,-9.24738899887175,-7.34147874091385,-6.83548960062691,-9.42171220575833,-9.30436120712968,-9.50530071944118,-9.6167726616972,-6.95444176008819,-4.12967851538164,2.88823092409753,4.39307111372552,5.40205134724143,6.33012467661009,5.82317779963602,9.42010937382512,8.32017320360579,5.59842537225635,5.69951464777489,6.58618634866221,5.73617523085111,4.69427664511124,-0.33934907930303,-4.65680533198409,-9.21509957912067
0.663010816400154,0.96941314737113,0.617670380449497,-0.577210962885485,-0.81646406105843,0.100180901362035,2.33949464049538,2.22596633524054,0.9520663529064,-1.31807911311851,1.88842505522062,-0.367978539984568,-1.23194175274578,-0.607741414407876,1.37204646530406,0.692062784086314,-3.74883934510052,-2.90246641546103,-3.21713655821439,-4.1891444134145,-5.03556438601777,-6.85924469426236,-6.93585354155153,-7.49190904206765,-5.99076240816428,-5.22766218432022,-1.63586877180411,-1.66014463303713,0.235996023843452,0.500549669583969,2.41305767993754,2.49141709710338,3.5116152260388,3.38038055075055,7.90574806608728,6.35236879814978,6.73548235222876,8.40986132900226,6.23786731472988,5.22802709922287,-0.801748855136884,2.01655796054323,2.76032965320524,-2.39324984746269,-5.5981359562747,-5.75489990292291,-3.87413171614759,-4.53891933781101,-8.49247321399757,-9.92028513850098,-9.62915048656866
1.17071289050316,1.15817781745675,-1.45566570524654,-0.426356967163647,0.0406420934361183,0.895180294278942,1.38099947313913,0.43519768389041,0.0620901569795478,-0.965598993186359,-2.13145749541232,-5.51902865089122,-9.21583231275851,-9.04498823360912,-5.32267490149195,-4.86010398683663,-4.4869024127907,-2.94155018418685,-1.29649236056608,0.0648786276464612,-0.257529124290065,1.1649946185991,1.53632444480109,0.979176514439102,2.3402389238674,-0.261307343042593,-2.86351672888783,-1.11562748926465,1.30317637704221,0.389987978473962,-0.0150399189088202,0.863251401371146,0.481557616795352,-2.75096971636626,0.451724844737046,0.263793619155011,0.41675880191954,1.04071378282439,2.97516891831598,2.28290645942354,0.827952289980042,1.25602344848778,1.65288689864879,2.37176637808454,-1.3839057187538,-0.900138183035234,1.47887170997563,1.68688573184499,-1.34989842412401,-4.26368639787282,-5.375635237716
0.63975327182299,-0.0889596965607746,-3.32228230952082,-2.857010388157,-1.79559492410228,0.231793820532138,0.865508519321733,1.71583237417366,0.179667178790531,-2.03328699436072,0.0168979161977525,-1.95260193168435,-5.44954047812556,-4.5766474984808,0.496730180350575,2.39082068152532,2.58977901444874,2.15548318928675,1.26200617134848,-0.0303351559612324,-0.533690177852123,1.24344283172307,3.76326693155955,-0.791351638787688,-2.29951577941819,-4.44086598190358,-6.71417995559717,-7.47669650566456,-4.91287127763491,-3.33146270506515,-3.87768330683253,-3.95145408188473,-6.07137662150522,-9.03377568403479,-5.49670829218877,-3.01232477442359,-0.613660302878484,0.467211522248114,-0.934761742407076,-2.64392956127964,-2.98595185446711,0.936043905792753,4.91461470249993,5.27427985112798,2.46193481311296,0.430306544977124,1.96188999192979,1.84382116715162,3.6647473163454,1.49569255143579,-2.79073328177387
0.997220401879962,-1.55771196631538,-4.95905645687391,-5.61233102517845,-2.95221332863826,-0.786028458440609,-1.36712905708138,-0.921637246697894,-0.77551086584203,-3.82147852177872,-1.05376070089546,-1.98053326982725,-2.21285852470647,-1.88881999945744,2.91337844917004,5.1285618045927,3.19986647065811,1.61285759858328,3.7617889942034,3.75766555815425,2.10558888876205,-0.00984303944102048,-0.415386096797554,-2.66893004138324,-4.38025426061013,-4.95418687903557,-4.45828649522305,-6.86890411350225,-9.32353662636462,-7.61910744268429,-5.43038060318157,-2.97866911373636,-1.41450225460561,-4.17782357579073,-2.51363958278155,-0.405794876398462,3.35364796938853,5.88118121390946,7.16353928502252,7.77022103006636,6.03806087069964,4.2836371155705,7.1225005668603,9.22020845071859,8.04629212913274,5.10285403260964,3.19305262798265,1.18582890956032,-2.5062512814729,-7.18532066736048,-9.67728567471008
-1.11918845813845,0.111582743362068,1.66473046278471,1.30206280850386,2.84511987837379,2.70085260938771,2.95971288999456,2.59993517513974,2.36347091630776,1.03643849793775,3.63037080028931,1.14893708706571,-1.39079207587674,-5.02529906873244,-3.5700680570606,-4.15997837320637,-4.68173748427729,-3.90994259074524,-5.18384573361646,-6.20875233578139,-7.4272968331383,-8.18601690829082,-4.17018939433948,-0.451615787629794,0.508676741259013,-0.740348815097438,-1.81251489049055,0.0770006141403588,3.8537058258431,6.01730206479653,6.78894263189422,5.75529191416347,5.58356573486332,0.802887177504668,-0.445763440201324,-1.79661830164989,0.819558220274681,1.91316661506587,-0.322513168051231,-3.12872947974773,-5.02394717307809,-5.36377597452804,-4.92053360626392,-4.88411294444074,-6.95568293726901,-7.0051871773127,-6.17087134925748,-4.46746348151039,-3.94263450686324,-3.00180081363681,-0.512805215868223
-0.322997558474113,-1.2384480652674,-2.22897034442968,0.31281676417365,2.70214102423518,4.74844338236427,6.13108562256789,5.54780928415671,3.12535180163583,1.08735108352808,3.97816909058188,3.26298721688518,0.120016640427631,-1.45804315175862,-0.225941458810251,-1.39670773222183,-5.82626171815996,-7.36975288670038,-5.76738256598275,-4.83668107087077,-7.31710010251483,-4.86142457056772,-2.48161631447027,-2.63298415253907,-0.975642872696006,-1.78626207316003,0.203276585961629,1.80647013349267,0.99072818727561,0.926734142427018,2.52951727844342,2.86090571243248,3.2934640290884,1.42553849232496,4.91782718268824,0.717902048170854,-1.55944178594577,-1.3782879098465,-4.20974190261536,-5.40622163334822,-7.33350738517495,-2.38681874677612,1.08520080908564,0.586247787824842,-3.84478493682764,-3.18374764930109,-1.40128413293952,-2.89621649928207,-1.84529336814855,0.342633679787879,-0.869993687445217
-0.715375420419879,-0.855204303589476,-1.74765235487102,2.88326924573127,3.97335237076464,4.23198284667352,3.62751628640391,3.22943998906247,1.81247490523888,-0.212461674026096,2.2321432665026,2.01647155258478,-0.41616094769798,-2.61593830350629,-1.03722075992764,-1.21302329589939,-3.3197360595127,-2.92166004109412,-0.433334131150234,0.43810224058542,-1.70073044998536,-4.11938678784376,-3.32272036145244,-2.16500684565169,-1.27437991087461,-1.72782926151498,-0.415100588053306,1.16532942807754,4.93542432082173,6.44664163135604,7.79535322009639,9.40241691822429,8.17333113028788,6.1330594359064,6.36664628414011,5.06166409648469,6.53794225934446,2.20350264934033,1.96288512909321,1.96753033284854,-2.35814131612163,-2.63975089534138,-4.85514444192178,-8.33656000247601,-10.2412686254249,-10.8410245573826,-8.34065158880341,-6.41420302991169,-6.83265773179145,-4.36787712699838,-2.56689519409853
-1.52612685426776,-1.67921319270585,-1.66176678114956,-1.44075453964355,-3.4885522561153,-2.95601109859177,-1.49049142311634,-0.249348319906259,-3.5625063810797,-6.40043253288722,-1.89287219053501,-3.99785061230285,-5.97712144494342,-6.12233654497404,-0.17340549915777,1.23691061899446,-2.14124121609701,-0.795647110640095,3.07228974214958,2.33885125831351,1.01744255814997,-1.98050903615637,-1.36212305098258,0.699888954231372,0.286667898717459,-1.27378815676297,-3.85708572913199,-4.67345419495525,-5.35734476282005,-7.253421387738,-6.7181997887491,-4.48477887019576,-4.87858557742713,-5.77215797342533,-2.57145985916658,-2.13413536561457,-1.36166583299988,0.760979521015837,2.47072581634896,4.7285076699284,1.819099572898,3.35924346175806,6.7275213830659,4.31587991863175,2.75567466411955,3.59876126780144,4.6702331003436,-0.504750781803801,-5.27643008597811,-5.92856392297801,-5.11723575637245
-1.18750304653685,-0.846314568409397,-1.89357321845025,-0.839843065666991,-0.242847047547511,0.0188152954524188,-0.716561373847039,1.17634266301985,0.383618159268805,-1.94562304189351,-1.84659793962978,-4.70361012501519,-4.98217158102846,-4.60456042941846,0.939404276439184,3.88708859262973,1.17630983468049,-1.06498840038218,-0.842516279088343,-0.49581924027488,-0.033576451420875,-0.310879738132552,1.53269082947942,0.574450384214401,-2.75165484152825,-4.74422336066361,-6.65726519564732,-6.01230596915381,-4.01475894962465,-4.47636326895544,-3.05616746002907,-4.20711857560749,-2.51564379483035,-3.91665879692986,-1.20128670355787,0.0984279132175576,2.05080324410944,4.6638259562992,6.30088513090148,7.76029158035863,7.97615443759615,9.36438597131784,8.06792255549524,7.56485389913482,2.68670311483852,2.48317037955827,0.0639943605988893,-4.18686024663814,-9.32323932349347,-14.6136869383248,-17.6720513253188
0.171527777010436,0.139536275548456,-0.0472668949419213,-0.0600900268722964,0.911145444387157,3.60806932638946,5.24599320127361,3.25118906516251,0.690332020558569,-4.24934390102546,-2.68087397688149,-4.2736852824419,-7.67670001824918,-7.3891167817737,-3.49895496306323,-5.20380410655613,-7.02525050216006,-4.81933378779162,-1.69498531502888,-1.25832694168147,-4.00916992217787,-4.34980104047337,-3.14501322618803,-1.33045899011643,1.04870191530549,2.67283783218278,5.98625039182595,6.31523549096995,4.64114414039002,6.3416459339034,4.20657265886326,3.55371403110106,3.68081219155198,-0.749851420618439,-0.479894433362627,-3.83991835741264,-3.56805717554061,-2.42354521314601,-3.96753753808753,-3.57048228347502,-4.72472557397896,-5.51520639282988,-7.52587133188211,-8.49643214980887,-5.89535356066951,-5.69747904801326,-5.22388250596711,-4.80255829227941,-0.725795023409053,0.127461442228681,1.25265905049496
-0.328170255320063,-1.42952044011327,-0.976457829770408,-0.727986782574522,0.0471889969114965,0.0627852384323882,-0.408884035798083,0.378198835087622,-2.09477846938368,-3.36543603425969,0.139473789144631,-1.17365624309187,-2.51982859517746,-5.94647297554498,-3.50480554716767,-2.07181509393305,-3.72059173755286,-3.04164521589894,-3.43492131066157,-3.55568054276884,-3.05369453522253,-6.63428486277868,-4.69837395918695,-2.15625072906088,-2.10636944755955,-5.61120362640966,-8.95109003162964,-5.0791082207322,-0.658139941124953,-0.337268813634275,2.88788688748213,8.35955388627609,10.6570622990525,5.01563065644605,3.89169085503393,4.61166263520997,5.31962441576687,4.67553548932409,3.65977611181381,3.58050116748145,-1.50174293738014,-4.74189838677967,-1.79693589516973,-3.23067884492137,-5.55353261704209,-4.45441298913053,-4.60413989064653,-5.34543374598764,-7.24181356745546,-6.46163719157791,-3.15996095089923
0.709669447308273,0.838971924455618,-1.94932488005476,-0.961353675557147,-0.807964097909738,-0.0890768295811137,-1.18097090903091,-1.45211490529442,-2.53272204972132,-1.7380929885031,0.863121237439064,1.18772397908866,-1.6597627766348,-3.83833424924095,0.0720197701793346,-1.04696969761324,-1.28460410080632,-0.232666737390931,-0.897539341542871,-1.26259807765361,-5.14794931974528,-4.5105493589774,-1.0407382231859,-2.96446225551567,-3.02535933669416,-5.0367577046596,-6.24359512146549,-5.07280196589989,-5.25878582366497,-2.39775160647402,-3.41130640552881,-2.20279557862604,-0.557776267828398,-4.01818581039754,-1.41188813730556,-1.15374710536483,4.59579273956964,6.54950495906036,2.78137387593338,3.69963623732361,1.02914123009293,3.46335563128131,6.65008339083553,6.67002021020069,4.20511167267729,2.19123165765786,3.36429039503887,5.06979966808774,3.31471815542431,0.218240552111865,-2.01998145358108
0.317564421358615,-1.77687539815388,-2.02495156755008,2.02664375545824,2.21742548244714,1.27625786294268,0.407939446329855,2.07347506751867,2.34375857233332,-0.348348564799157,4.43472811067681,3.39977394368336,0.32827563751543,0.18275375393155,4.22089683137701,4.9012183885766,-0.0446155039357912,-0.657122899236208,1.99149038979487,-1.23377845134168,-4.47617110984765,-5.58094319622333,-2.47293451524459,-1.73355804658077,-3.12833771636547,-2.25599831831318,-1.64362560604381,-1.41746767034299,-0.24530328393668,2.61825245253292,4.53866405725249,5.47408052400425,3.37009294273318,-0.2911148876044,4.60199039563912,7.787505457296,7.83103009537658,6.78514174263608,5.66376562928344,2.99147206950708,-1.59136212814258,-3.04747818562595,-3.43885742996581,-6.51192809526373,-9.0319505308148,-7.12657275481641,-4.96848850667404,-4.00361233503175,-3.3933242581643,-3.54744472381142,-0.426371785851328
-0.0621796718203031,-1.58510273042751,-0.408269646337065,1.9687836593379,2.15402362238988,1.74187374330612,0.0525435790520355,0.690903903831578,-0.137776022328295,-2.29853937288464,2.81655094543374,0.654123217903305,-2.38937493981065,-4.30106826896106,-1.16838087131905,3.0724320958235,1.10959971705535,-0.83881615890485,-1.47763000103445,-0.168818084404592,0.212938447971189,-2.47824736880519,-3.59798259899701,-1.04919844988173,-0.160098857744553,-2.91133680241423,-5.97372326369782,-2.75307090463378,-0.208406892794805,-0.74769689647466,-0.0497958115585437,3.3816218259944,5.15618650947631,1.81022630054951,6.58239018865735,9.14914090908928,12.4504648351713,12.0633197939498,7.89480277825677,5.90005678671648,5.01593582831632,4.55457915635661,1.89267045495366,-2.42067588369606,-5.82388626490723,-7.29426141956274,-7.79536253469009,-7.2310941719266,-6.54919167909873,-8.91681836982845,-11.0055082288407
